student_id,weekly_self_study_hours,attendance_percentage,class_participation,total_score,grade
1262,15.5,73.5,8.9,97.3,A
1668,11.5,100.0,7.2,53.6,D
1588,12.4,90.8,8.7,82.6,B
2683,12.7,75.0,6.8,90.1,A
2707,16.0,93.5,6.1,97.8,A
210,40.0,68.1,6.7,100.0,A
3377,13.0,75.4,6.0,88.1,A
1109,10.6,92.6,8.5,88.7,A
1676,12.7,77.8,6.4,95.8,A
2513,18.8,80.6,5.1,81.5,B
1993,23.3,83.1,7.9,100.0,A
597,13.1,63.1,4.0,99.9,A
2761,19.4,80.6,6.7,94.1,A
3099,14.1,73.8,10.0,79.1,B
297,21.3,100.0,6.9,94.9,A
3511,23.5,94.0,4.6,100.0,A
508,9.0,92.6,6.7,64.6,C
8,20.4,100.0,4.0,96.1,A
2970,16.9,80.5,5.7,100.0,A
2853,7.3,88.0,6.0,71.6,B
3136,18.1,85.9,9.7,93.4,A
1872,13.5,83.4,8.8,73.8,B
3076,27.7,85.7,5.1,100.0,A
3126,20.2,92.9,8.3,89.9,A
1621,15.8,86.2,8.4,98.7,A
3595,23.8,76.9,6.0,100.0,A
2603,10.6,79.6,3.1,88.4,A
2663,19.2,100.0,2.9,100.0,A
1023,14.8,58.4,6.7,86.1,A
1927,0.0,73.1,4.8,59.2,C
2592,11.8,89.0,5.9,75.4,B
3374,27.7,92.8,3.9,100.0,A
97,17.1,76.7,7.6,67.3,C
44,12.9,78.7,3.7,100.0,A
2029,16.5,88.6,4.5,98.1,A
3658,0.4,96.5,5.4,79.4,B
3342,13.3,91.2,6.1,91.8,A
1296,14.3,100.0,7.4,72.3,B
26,15.8,81.1,5.0,97.2,A
1418,16.9,67.8,8.0,90.4,A
680,23.9,74.2,10.0,100.0,A
2608,0.0,89.4,6.6,43.8,D
782,5.7,91.7,7.8,80.2,B
2988,15.7,91.0,4.9,90.1,A
3174,20.4,72.0,5.6,100.0,A
1443,16.3,70.5,8.4,88.2,A
1188,13.4,81.3,3.0,86.6,A
3726,19.1,93.4,5.2,95.2,A
3128,24.2,81.3,4.9,100.0,A
2482,27.0,78.4,4.6,100.0,A
1863,20.6,95.9,6.9,100.0,A
3676,15.5,95.3,4.1,80.9,B
68,22.0,85.0,9.7,92.2,A
1910,16.0,90.4,5.7,100.0,A
2322,20.5,85.9,6.5,100.0,A
1838,15.8,90.9,3.8,100.0,A
1653,16.4,86.6,4.3,85.8,A
2280,18.2,83.7,6.6,100.0,A
32,28.0,89.2,6.5,100.0,A
1457,20.3,93.5,4.9,100.0,A
3569,16.6,94.4,6.8,98.3,A
3559,14.2,100.0,7.3,93.4,A
611,19.6,75.5,10.0,100.0,A
1339,12.3,93.8,7.2,70.1,B
571,15.1,100.0,5.0,100.0,A
3453,14.1,85.7,7.5,77.0,B
344,11.5,78.1,5.8,89.4,A
3258,10.0,91.0,4.0,71.1,B
1672,12.4,54.1,6.8,83.9,B
679,21.5,81.2,9.7,100.0,A
2074,16.4,60.0,4.2,95.4,A
3138,7.9,94.8,6.2,64.0,C
3053,13.0,80.9,8.1,90.6,A
2335,21.2,88.7,6.2,98.7,A
3166,2.7,71.1,4.1,53.4,D
57,9.1,81.4,5.4,76.9,B
3169,14.3,91.7,6.7,78.4,B
2579,17.0,86.5,4.0,90.2,A
2405,26.7,100.0,6.0,100.0,A
1427,29.4,93.1,7.5,100.0,A
577,16.6,75.8,8.5,80.1,B
1898,26.2,89.7,6.9,100.0,A
1124,7.0,87.0,5.9,58.2,C
1547,8.0,83.5,6.6,68.9,C
2357,12.4,87.5,8.5,80.4,B
529,16.8,91.0,6.8,79.1,B
177,15.1,63.3,4.8,89.2,A
3016,22.3,74.7,5.2,100.0,A
423,13.3,75.8,8.7,71.4,B
681,20.1,82.8,5.0,100.0,A
1176,13.0,82.7,5.3,79.3,B
2741,17.9,87.6,8.2,100.0,A
3098,19.1,97.4,5.6,77.2,B
3228,23.7,81.1,4.7,100.0,A
2475,17.1,95.6,6.4,76.5,B
1114,18.5,80.2,5.9,100.0,A
2149,14.3,92.0,8.4,79.6,B
289,17.0,92.4,5.7,85.6,A
3677,15.5,92.2,8.7,100.0,A
2466,21.2,96.2,7.7,100.0,A
2145,13.4,92.3,3.6,85.0,A
2520,9.0,80.4,9.4,66.9,C
1221,6.7,95.7,5.5,62.5,C
178,25.2,88.0,6.0,100.0,A
1658,24.2,76.0,7.7,99.8,A
1205,15.3,93.1,4.4,87.3,A
3601,9.2,73.6,4.5,69.5,C
3082,16.0,84.9,3.9,100.0,A
2898,27.1,82.2,6.2,100.0,A
371,15.2,88.4,5.7,96.4,A
2625,17.9,98.2,6.5,90.3,A
730,9.6,96.0,7.5,80.7,B
599,11.9,65.9,4.7,100.0,A
2462,20.2,80.5,6.9,100.0,A
1335,16.0,85.2,7.9,83.9,B
2406,24.4,85.4,5.0,100.0,A
1214,21.3,71.8,6.3,100.0,A
1048,4.0,89.6,2.4,54.5,D
2431,19.0,77.2,7.9,99.5,A
2925,15.6,86.0,7.4,88.3,A
142,24.1,86.1,4.2,100.0,A
2047,15.0,84.6,5.7,94.1,A
666,15.7,93.5,7.8,78.1,B
1603,10.5,82.5,5.0,79.8,B
2032,8.2,72.7,5.1,58.0,C
655,33.0,85.3,5.7,100.0,A
472,0.0,97.2,3.9,60.0,C
1172,17.0,63.0,3.7,89.8,A
1105,22.8,74.6,6.9,100.0,A
760,19.9,81.7,6.4,100.0,A
3199,12.4,84.3,7.6,85.3,A
1732,12.6,92.8,4.8,82.4,B
2759,7.1,100.0,6.4,66.1,C
70,10.5,91.8,3.8,78.8,B
2233,1.2,96.8,3.3,65.2,C
3579,9.3,98.8,4.4,59.5,C
196,17.7,89.0,4.9,92.5,A
533,14.5,100.0,4.7,81.3,B
3457,22.6,96.4,3.4,97.3,A
875,14.8,88.1,6.2,65.0,C
2785,11.6,82.0,8.4,72.2,B
2185,0.0,74.9,5.3,50.4,D
1946,12.4,100.0,5.2,66.4,C
1150,9.1,78.6,7.2,70.0,B
1256,6.5,73.7,5.4,54.7,D
228,7.5,76.3,6.5,54.2,D
1468,17.8,93.2,5.7,90.5,A
841,14.7,79.6,2.5,68.3,C
556,12.1,100.0,6.7,86.5,A
938,20.0,68.2,6.2,100.0,A
3161,10.8,91.7,4.2,78.1,B
2606,13.7,97.7,2.8,68.7,C
2404,13.1,83.1,7.5,92.9,A
3662,9.9,83.4,5.5,71.0,B
991,16.5,50.0,6.0,98.9,A
848,32.2,90.5,7.2,100.0,A
632,25.7,94.9,4.4,100.0,A
3710,15.3,93.7,4.7,88.3,A
3354,15.5,95.7,6.7,99.9,A
163,23.1,93.9,2.1,100.0,A
2025,0.0,100.0,8.6,52.5,D
220,15.6,85.3,7.6,83.7,B
1351,6.8,79.0,3.7,62.2,C
2553,28.1,95.0,4.2,100.0,A
1399,23.4,88.8,0.6,95.6,A
3002,9.0,84.0,3.4,79.1,B
1175,9.7,80.8,5.7,82.4,B
1615,13.7,70.3,6.1,70.2,B
548,13.6,94.1,8.2,100.0,A
1018,11.6,88.9,6.0,64.1,C
3071,6.1,75.7,6.7,70.0,B
1299,16.9,76.6,8.7,87.3,A
569,1.9,97.1,8.5,58.9,C
2285,11.7,93.6,5.2,70.8,B
1675,26.3,97.3,2.1,100.0,A
3139,18.3,93.8,6.3,100.0,A
2721,28.7,87.1,8.5,100.0,A
3440,17.0,75.3,8.6,91.1,A
1897,13.2,91.3,5.6,69.6,C
1778,14.7,77.1,6.9,84.3,B
612,14.6,72.6,7.3,74.7,B
1746,16.7,75.5,6.6,91.6,A
3402,19.0,89.7,4.5,85.9,A
3417,20.9,87.5,7.2,95.1,A
3653,18.1,62.8,6.5,91.1,A
1819,13.5,78.5,8.3,89.1,A
743,10.6,70.8,5.7,82.2,B
638,15.5,100.0,5.4,89.9,A
1502,11.1,81.1,6.4,80.1,B
1748,18.5,77.0,7.3,87.0,A
582,12.1,75.1,4.0,86.8,A
2132,15.1,74.6,5.0,98.2,A
1771,15.3,84.0,5.7,89.0,A
2583,14.6,80.0,6.5,79.5,B
74,26.0,88.5,9.0,100.0,A
1743,15.5,92.9,6.7,83.1,B
49,17.4,79.9,7.6,71.0,B
933,4.9,67.1,2.1,54.9,D
832,8.6,59.9,7.2,65.2,C
2030,11.6,85.1,4.9,61.1,C
2269,11.5,88.0,5.3,90.4,A
922,7.8,90.0,8.9,66.2,C
1071,14.7,77.4,6.6,93.2,A
3323,4.2,71.8,7.3,48.0,D
2125,15.2,87.5,6.7,88.3,A
1024,30.0,80.3,3.6,100.0,A
757,18.5,80.7,6.0,94.7,A
1164,3.5,85.3,7.2,43.9,D
2705,16.7,77.9,5.3,100.0,A
2474,5.3,93.9,4.6,60.9,C
979,3.9,68.8,7.7,58.1,C
2467,9.7,88.6,4.6,73.5,B
1992,20.3,91.6,4.4,100.0,A
2779,14.6,92.3,7.2,95.8,A
1211,6.3,76.2,5.8,52.7,D
1565,20.2,91.1,7.2,99.2,A
3707,11.3,73.9,7.1,82.2,B
1492,32.9,91.6,4.8,100.0,A
3351,11.4,89.1,10.0,70.8,B
573,17.3,76.1,6.6,99.4,A
1179,8.1,81.5,6.8,81.5,B
3584,6.4,100.0,7.1,66.3,C
1917,9.5,83.7,2.3,66.0,C
3679,23.3,69.2,2.7,100.0,A
3311,6.7,86.8,4.9,50.6,D
2277,19.8,91.3,7.7,88.6,A
1045,13.8,95.0,5.6,87.7,A
3330,20.8,100.0,4.3,97.7,A
3141,20.9,84.6,4.8,100.0,A
3531,25.5,100.0,4.2,100.0,A
1513,10.0,79.7,3.0,67.7,C
2211,6.2,88.8,7.6,82.9,B
3263,8.7,62.8,3.2,83.8,B
2773,13.8,97.5,5.5,73.3,B
1801,28.3,81.9,8.6,100.0,A
3437,19.0,90.9,4.6,99.1,A
260,20.4,85.1,2.2,100.0,A
2729,9.8,72.6,2.3,80.0,B
2788,5.9,99.1,8.8,61.6,C
3360,8.1,80.9,9.2,75.0,B
813,25.1,84.2,6.4,100.0,A
2677,17.4,93.5,1.0,90.5,A
2197,18.0,100.0,9.8,93.8,A
1633,10.5,98.7,5.2,63.9,C
1661,24.2,95.8,5.6,100.0,A
1739,21.7,75.5,6.3,100.0,A
2884,18.2,81.8,4.5,96.0,A
2367,11.2,66.6,6.2,63.4,C
1002,21.5,96.1,6.0,96.3,A
3382,23.3,95.1,6.8,100.0,A
3117,13.6,75.8,2.1,94.4,A
2892,0.1,75.7,7.8,52.1,D
1367,14.8,95.5,4.3,78.5,B
2479,5.6,76.4,4.8,74.9,B
3189,21.3,88.9,3.5,100.0,A
1753,10.4,98.1,6.5,87.8,A
3240,21.6,89.1,5.7,100.0,A
2929,26.0,75.8,6.5,100.0,A
1878,13.5,82.3,5.3,78.5,B
2637,16.3,66.0,0.7,87.7,A
1290,0.0,86.4,8.2,51.7,D
3525,10.9,80.6,4.2,60.8,C
868,17.3,87.5,5.3,96.0,A
927,11.1,93.1,6.7,77.1,B
2539,6.3,88.8,9.8,63.7,C
998,19.5,70.2,5.5,91.7,A
3540,13.9,86.1,7.2,100.0,A
3663,17.6,91.3,6.7,100.0,A
3529,2.2,54.3,5.1,65.0,C
109,16.8,81.5,4.9,100.0,A
1174,14.6,82.9,4.3,69.9,C
1353,18.8,100.0,5.6,100.0,A
211,19.0,88.0,7.3,95.5,A
3366,28.7,95.6,4.4,100.0,A
319,17.3,85.2,6.6,94.6,A
817,16.9,64.0,5.0,80.3,B
1484,12.2,77.8,4.4,79.3,B
60,21.8,94.7,6.0,100.0,A
2698,5.8,75.5,6.3,63.4,C
2580,27.3,100.0,3.2,100.0,A
3635,18.0,74.6,6.1,96.6,A
1652,17.3,96.9,2.9,100.0,A
766,10.1,63.8,3.1,67.8,C
1905,14.2,77.6,7.7,99.0,A
1065,12.5,79.1,4.9,95.7,A
3526,6.8,89.4,1.9,58.5,C
2928,16.5,85.0,6.1,95.6,A
1796,9.7,74.4,6.2,53.1,D
3269,16.6,87.3,4.5,100.0,A
583,19.4,89.4,3.6,100.0,A
3211,23.3,77.4,2.6,100.0,A
941,6.0,90.4,7.9,53.3,D
188,14.5,81.9,1.8,97.2,A
1594,21.3,94.0,8.8,100.0,A
2719,10.9,99.7,7.8,90.0,A
2508,23.7,88.3,6.8,100.0,A
1785,15.6,79.0,6.6,83.1,B
1942,12.3,94.9,5.4,71.0,B
2476,20.1,80.0,8.7,87.3,A
227,15.4,97.2,8.9,65.7,C
1420,18.6,81.2,5.6,91.9,A
536,15.3,88.2,8.9,78.5,B
2753,11.7,94.8,4.5,91.2,A
2604,6.7,78.6,5.6,55.3,C
698,6.2,82.5,3.1,70.2,B
1564,21.2,79.2,9.2,100.0,A
3712,5.8,83.9,4.0,70.7,B
3537,19.8,86.0,7.7,100.0,A
1038,4.7,96.1,5.5,65.2,C
209,18.6,89.0,2.7,98.1,A
2630,11.6,84.0,9.1,81.2,B
566,12.1,80.1,9.8,100.0,A
314,20.7,88.8,3.8,100.0,A
602,8.5,81.2,10.0,76.3,B
234,10.4,95.9,6.3,85.8,A
3650,12.0,84.9,5.5,70.4,B
1821,14.1,86.8,8.2,88.1,A
3283,0.0,100.0,9.8,28.2,F
1237,26.7,89.2,5.9,100.0,A
112,14.8,75.1,5.5,93.8,A
2196,10.4,96.6,4.0,62.7,C
3149,14.2,77.7,6.0,90.3,A
2378,5.7,85.7,6.0,60.5,C
1963,18.6,79.0,7.4,76.0,B
1671,13.3,98.6,5.2,98.3,A
473,4.4,88.1,4.5,63.6,C
1895,14.4,91.6,7.8,97.2,A
1573,17.1,83.2,3.8,88.8,A
3317,14.6,100.0,2.4,89.6,A
1357,11.2,84.6,6.6,88.6,A
362,25.7,65.4,6.7,100.0,A
136,25.8,77.7,6.9,100.0,A
2308,13.7,100.0,5.7,74.3,B
1054,16.8,100.0,4.5,91.5,A
3097,22.3,90.4,6.9,100.0,A
23,15.5,100.0,8.5,76.3,B
1628,24.0,100.0,3.4,100.0,A
3059,6.6,100.0,9.4,42.6,D
1988,18.6,100.0,4.3,100.0,A
696,12.8,94.0,5.9,100.0,A
421,29.4,91.3,7.9,100.0,A
2097,19.7,80.7,7.6,100.0,A
461,28.8,70.1,3.9,100.0,A
1068,23.1,86.6,8.4,100.0,A
88,17.3,64.7,8.9,98.4,A
283,26.1,100.0,3.9,100.0,A
3028,18.1,85.5,7.2,100.0,A
1152,0.0,80.9,7.4,53.6,D
1236,26.5,88.1,5.9,98.8,A
3541,17.3,89.3,4.0,91.8,A
1139,19.2,77.6,2.0,100.0,A
860,19.4,77.9,6.9,100.0,A
534,6.5,81.6,6.6,43.0,D
3035,15.4,75.5,5.5,88.7,A
2914,20.3,81.9,5.1,94.3,A
2104,22.9,86.8,6.9,100.0,A
2916,27.9,87.7,4.6,100.0,A
3029,11.4,86.6,1.9,65.6,C
2623,15.6,75.9,6.0,86.9,A
1289,7.3,93.6,7.6,66.1,C
3674,20.7,73.8,7.8,96.5,A
1316,5.8,84.1,6.7,59.8,C
1951,2.6,89.9,6.5,54.9,D
2317,20.9,80.0,5.9,97.6,A
3644,14.8,100.0,5.2,80.4,B
1310,18.3,73.8,7.4,95.3,A
943,19.6,70.4,6.3,100.0,A
3585,15.5,84.2,5.1,80.8,B
1227,15.3,72.0,6.7,99.9,A
2070,21.5,91.6,1.6,98.9,A
1883,6.4,82.7,5.2,63.2,C
888,12.5,73.1,6.4,100.0,A
2657,7.4,83.3,6.0,47.3,D
686,20.0,84.5,7.9,100.0,A
414,23.9,70.1,7.7,100.0,A
790,3.4,91.5,2.0,58.0,C
2354,5.4,92.5,6.1,83.6,B
1259,10.1,72.3,8.1,75.0,B
2246,15.7,68.8,10.0,89.1,A
3390,16.0,84.1,8.5,88.6,A
1222,17.2,66.8,4.0,94.1,A
1958,37.0,86.8,7.5,100.0,A
273,23.1,96.6,8.9,100.0,A
1972,0.0,93.4,5.0,51.4,D
522,18.8,98.8,5.9,90.7,A
523,10.4,60.2,7.7,63.3,C
2340,10.4,79.4,10.0,84.3,B
351,17.2,85.4,4.9,100.0,A
1425,7.7,72.6,7.6,66.0,C
1638,18.0,76.3,5.7,95.4,A
2904,17.3,93.5,7.5,100.0,A
1362,19.1,83.8,2.9,98.8,A
652,22.9,89.2,6.2,100.0,A
2214,11.8,73.0,5.6,82.2,B
3213,26.7,94.8,6.2,100.0,A
3454,11.1,73.2,6.9,77.8,B
1925,29.5,91.7,5.5,100.0,A
1719,20.0,67.3,7.6,99.4,A
2273,10.3,84.9,8.2,68.5,C
2624,24.9,85.0,5.0,100.0,A
169,13.3,83.4,7.8,72.2,B
3483,12.5,88.5,7.9,89.7,A
963,16.4,90.9,6.2,80.7,B
946,7.5,88.7,7.8,73.3,B
463,10.1,100.0,4.9,96.2,A
2203,20.0,84.0,4.7,100.0,A
329,19.4,87.7,5.8,100.0,A
3603,29.3,89.7,6.1,100.0,A
2112,13.9,89.7,4.3,84.3,B
368,15.1,99.6,5.6,89.9,A
3221,7.6,87.5,8.3,70.8,B
2820,1.5,98.3,5.0,43.2,D
3001,1.6,84.8,4.6,60.2,C
1534,14.0,82.8,8.0,91.8,A
773,19.4,81.4,7.9,100.0,A
2375,22.8,92.2,7.2,100.0,A
3337,5.4,71.3,6.7,57.2,C
2933,8.8,80.5,3.5,61.6,C
499,8.9,87.4,4.0,63.5,C
2038,11.4,82.7,6.7,74.4,B
436,15.5,91.8,4.9,92.8,A
366,12.2,97.8,3.5,82.5,B
1840,13.5,83.9,7.5,77.2,B
277,16.4,82.9,5.9,76.2,B
2471,22.5,73.5,3.4,100.0,A
2091,17.3,100.0,8.4,95.7,A
1491,11.1,91.4,6.3,100.0,A
408,14.0,76.5,5.4,88.5,A
1293,15.0,100.0,5.6,81.2,B
3612,15.8,90.7,8.3,88.5,A
845,16.2,67.9,5.7,70.5,B
2642,13.5,78.7,7.2,88.6,A
1264,8.6,85.2,6.1,64.3,C
1955,10.8,95.8,8.1,73.0,B
2827,23.7,80.8,5.3,100.0,A
2903,11.0,77.6,5.2,76.2,B
3503,15.3,94.3,5.4,77.3,B
1407,5.0,96.4,3.6,67.4,C
856,11.0,100.0,5.9,89.9,A
1428,7.3,76.8,4.9,55.8,C
79,15.6,100.0,6.1,91.7,A
945,27.9,87.7,8.7,100.0,A
200,7.0,78.7,5.2,53.2,D
1507,19.9,78.5,5.5,100.0,A
1423,12.4,79.7,7.7,74.9,B
802,11.4,74.1,4.5,80.6,B
2248,5.7,91.4,5.5,42.3,D
1558,9.4,83.4,3.0,77.8,B
1555,13.4,83.3,6.4,95.3,A
232,16.5,99.4,6.7,100.0,A
1235,9.4,94.7,2.3,83.0,B
1806,3.9,86.4,10.0,57.8,C
2567,8.0,94.6,8.0,55.2,C
2078,23.4,68.5,1.1,100.0,A
2814,12.8,83.9,8.0,72.2,B
2536,12.9,98.4,7.0,93.2,A
3543,21.2,69.4,6.8,100.0,A
1433,21.0,78.9,9.1,94.8,A
3561,16.6,100.0,2.5,93.9,A
1144,15.9,89.2,9.6,88.4,A
3320,31.2,97.4,9.3,100.0,A
192,21.0,79.3,6.2,100.0,A
105,13.9,91.9,9.5,83.0,B
2764,10.6,88.6,5.0,79.1,B
1624,10.3,88.6,3.7,82.4,B
3423,18.0,85.1,7.2,100.0,A
1567,15.5,70.1,4.8,89.6,A
1445,17.8,90.4,3.7,93.0,A
3412,12.2,77.4,9.3,82.8,B
1341,16.1,89.6,5.9,97.5,A
2845,16.5,85.7,3.6,100.0,A
2250,21.5,86.7,3.0,100.0,A
3383,16.5,72.3,4.1,99.8,A
1587,16.2,76.4,4.1,84.5,B
2261,18.1,81.9,5.2,82.4,B
3713,17.0,100.0,5.6,73.0,B
3680,14.4,77.8,4.7,97.9,A
2141,16.2,86.9,5.9,92.6,A
1978,21.6,81.0,6.1,90.0,A
3134,25.5,83.7,5.9,100.0,A
995,8.0,94.0,5.4,66.2,C
465,14.2,81.9,6.0,85.2,A
3058,16.4,81.1,5.7,90.8,A
1294,20.9,78.6,4.6,100.0,A
3022,11.8,92.0,5.9,78.5,B
1989,10.5,87.7,8.4,71.4,B
2255,6.2,80.9,5.9,80.8,B
1481,20.1,100.0,7.0,88.7,A
213,21.7,98.3,7.1,100.0,A
1037,6.4,89.1,9.9,74.2,B
3610,12.1,88.4,5.5,84.1,B
901,17.6,78.6,2.5,100.0,A
1466,19.1,79.3,8.5,94.0,A
1770,18.9,93.9,3.4,100.0,A
742,6.0,71.4,6.4,92.3,A
3277,23.2,71.4,6.3,95.1,A
2887,11.3,74.9,3.8,78.1,B
2000,9.8,89.0,9.1,83.9,B
1207,10.1,85.0,6.5,88.5,A
510,9.2,87.1,2.4,80.7,B
598,8.1,84.5,4.6,74.1,B
1616,37.4,81.5,0.0,100.0,A
982,18.0,69.7,6.6,100.0,A
1750,22.0,67.2,9.4,99.2,A
3282,15.2,75.4,5.8,85.9,A
519,15.7,94.4,8.0,96.1,A
1323,14.5,81.3,4.7,81.8,B
768,27.4,82.0,4.1,100.0,A
2469,19.8,78.6,6.7,75.2,B
2571,15.3,79.0,4.0,100.0,A
422,27.3,83.0,5.4,100.0,A
124,5.2,87.7,6.9,74.1,B
1830,15.1,78.4,2.7,86.3,A
1345,21.6,91.0,10.0,100.0,A
3309,27.3,75.9,6.9,100.0,A
820,22.5,91.4,5.6,100.0,A
101,5.1,62.6,8.3,72.9,B
3279,15.6,86.9,8.5,77.9,B
3717,37.7,80.6,3.0,100.0,A
3180,18.6,85.5,5.8,100.0,A
3257,8.8,100.0,8.5,75.9,B
1104,14.0,85.9,7.2,78.9,B
3182,18.7,73.8,7.3,84.6,B
2749,17.7,99.5,6.2,96.1,A
2979,18.8,90.8,5.4,96.8,A
2590,14.6,95.4,4.1,94.6,A
1379,10.8,89.4,5.5,76.8,B
3087,14.6,77.3,7.1,71.7,B
2895,18.6,83.9,7.6,98.7,A
983,8.2,75.1,6.0,63.8,C
457,14.3,83.4,5.0,93.4,A
2772,9.8,76.3,10.0,79.7,B
2762,9.4,98.6,3.1,85.3,A
2713,18.5,71.3,5.3,93.7,A
382,10.8,87.0,6.3,88.7,A
3475,10.0,74.0,10.0,69.8,C
1657,16.2,81.5,4.2,100.0,A
2286,18.2,95.7,7.0,100.0,A
1011,24.2,97.8,4.4,100.0,A
1404,20.0,90.9,5.5,100.0,A
3722,26.9,90.5,6.7,100.0,A
663,14.8,89.5,8.6,98.8,A
1489,4.3,73.1,6.8,54.7,D
1415,10.5,89.7,7.0,76.2,B
3376,7.8,66.4,7.8,66.2,C
1809,3.9,79.3,5.4,65.6,C
2796,9.1,82.4,8.3,66.2,C
2918,19.7,100.0,4.1,97.5,A
2944,13.7,86.5,7.2,97.8,A
2675,7.9,86.8,8.9,62.8,C
846,18.4,77.4,5.3,100.0,A
543,18.7,87.9,7.3,86.1,A
1962,17.0,94.9,6.9,92.9,A
2383,17.4,87.8,6.1,74.2,B
1393,29.1,75.4,1.4,100.0,A
1197,14.9,89.1,4.1,75.0,B
1103,29.6,76.6,4.2,100.0,A
2502,21.8,100.0,6.9,93.7,A
2952,20.4,82.0,7.2,100.0,A
1937,16.8,79.4,5.9,100.0,A
1610,13.2,63.8,9.8,74.0,B
2324,26.7,100.0,3.4,97.2,A
3284,21.1,77.8,9.1,100.0,A
1049,25.3,82.1,1.5,100.0,A
2644,10.4,100.0,4.3,78.5,B
1627,11.9,100.0,5.0,78.0,B
2023,24.5,78.9,4.1,100.0,A
2708,15.2,94.6,5.9,82.7,B
238,16.3,70.2,7.5,96.0,A
1578,23.2,80.2,6.2,90.8,A
2045,9.2,94.6,6.5,79.9,B
1134,18.2,63.2,5.5,62.8,C
3469,11.8,89.7,6.3,79.2,B
2548,11.0,85.4,5.9,86.4,A
164,9.3,97.0,4.9,75.8,B
2139,6.3,82.7,3.7,69.2,C
1617,17.1,84.6,3.6,92.4,A
253,29.9,90.6,4.3,100.0,A
1559,25.4,92.3,2.1,100.0,A
2231,10.2,75.8,5.7,75.9,B
2403,11.2,71.3,7.0,83.3,B
931,11.1,60.5,6.5,86.6,A
1780,10.2,88.0,8.9,66.3,C
2716,0.3,90.7,7.0,50.0,D
2067,0.0,93.4,7.0,50.2,D
2026,16.3,65.4,6.7,94.0,A
1437,13.3,83.3,7.7,100.0,A
2459,18.5,98.6,4.9,97.5,A
2079,14.0,88.6,9.4,97.5,A
1091,14.5,83.3,7.7,99.4,A
2971,1.6,80.9,5.6,57.9,C
1704,22.8,100.0,8.5,96.8,A
1182,24.7,72.3,6.3,100.0,A
594,17.3,98.2,4.7,84.9,B
678,27.3,88.2,6.6,100.0,A
42,16.2,84.2,7.0,100.0,A
1430,13.1,69.1,8.6,88.4,A
2879,17.0,71.6,4.3,73.5,B
1583,7.9,69.6,6.5,78.6,B
3465,16.2,94.5,2.9,91.3,A
244,21.1,88.6,8.5,100.0,A
1125,26.4,91.1,5.4,98.0,A
1340,16.2,87.2,5.8,94.2,A
2058,21.1,97.1,6.7,83.2,B
1611,13.0,92.8,6.7,84.9,B
3502,10.6,98.3,8.5,76.7,B
262,14.6,66.7,1.1,81.2,B
3512,8.9,81.9,4.1,57.4,C
2096,14.5,95.5,6.2,86.0,A
3336,5.6,84.2,7.1,63.0,C
835,14.8,83.7,7.5,100.0,A
2866,12.8,96.3,6.5,82.9,B
2671,10.1,78.6,7.1,82.1,B
3272,8.9,76.8,8.6,65.7,C
1412,18.9,88.8,5.7,99.5,A
341,9.2,83.7,2.4,72.9,B
1648,21.9,89.4,10.0,100.0,A
749,10.7,100.0,3.4,70.9,B
3439,6.0,85.7,5.5,63.7,C
481,14.1,80.7,6.2,80.2,B
1462,6.4,73.6,5.1,66.5,C
2877,8.4,80.4,4.3,73.8,B
1768,13.8,100.0,5.3,96.9,A
784,19.3,80.6,5.0,100.0,A
3195,4.3,66.1,4.9,52.3,D
1831,20.0,82.1,8.4,88.7,A
2442,24.7,74.3,9.4,99.6,A
2987,14.1,79.7,4.1,74.5,B
1892,15.0,80.8,4.2,100.0,A
3331,21.4,63.3,8.9,100.0,A
1673,12.3,90.9,4.6,71.7,B
1424,9.1,78.7,9.7,46.7,D
3580,7.5,89.6,9.9,64.9,C
2633,16.4,95.7,6.9,81.8,B
3046,0.7,94.4,8.0,56.5,C
1272,19.3,62.9,6.5,91.9,A
3292,0.0,88.6,7.5,50.6,D
1128,9.7,80.0,9.6,89.7,A
627,8.1,77.5,5.2,71.1,B
348,5.1,79.5,7.9,56.9,C
1622,4.9,100.0,10.0,80.3,B
2380,16.8,86.3,8.1,93.4,A
1899,18.9,87.0,4.1,100.0,A
980,20.3,100.0,6.6,95.8,A
3208,20.8,80.8,6.7,100.0,A
2352,19.3,93.4,7.8,98.9,A
912,16.5,81.7,5.4,100.0,A
2334,12.5,79.6,5.4,90.0,A
633,13.9,80.0,7.2,89.4,A
1540,0.0,96.5,6.2,34.7,F
446,19.7,81.0,7.8,98.2,A
618,20.1,79.0,8.9,100.0,A
1906,18.1,72.0,9.7,87.4,A
2665,18.2,100.0,5.2,92.9,A
2507,35.6,81.4,8.8,100.0,A
3696,12.8,98.6,10.0,88.7,A
3078,18.9,77.7,5.4,88.9,A
3163,11.8,91.8,7.0,63.8,C
2577,25.2,91.6,6.2,100.0,A
1919,13.8,64.7,6.8,76.1,B
1948,14.8,93.7,8.6,95.7,A
354,13.9,65.4,3.9,87.4,A
1233,14.4,77.9,6.3,78.9,B
614,7.1,100.0,6.3,70.6,B
1458,17.7,84.8,8.6,92.2,A
3709,18.0,91.0,6.5,91.1,A
3407,19.8,78.5,6.1,100.0,A
3467,12.1,76.0,5.2,76.1,B
3241,15.1,69.7,1.1,83.1,B
3506,5.4,76.4,5.6,46.8,D
58,12.8,83.7,4.9,91.9,A
2329,19.9,68.5,7.5,100.0,A
3157,6.3,94.0,7.8,62.0,C
2723,7.6,100.0,3.9,67.9,C
1254,17.6,61.9,6.1,99.5,A
3108,19.0,90.8,6.0,100.0,A
2342,17.9,89.0,4.6,85.4,A
2182,12.5,83.6,6.8,84.8,B
2177,3.7,72.3,8.3,63.0,C
2638,21.6,95.2,5.2,100.0,A
3464,22.2,84.8,4.6,100.0,A
1642,24.9,100.0,7.4,100.0,A
561,17.0,79.1,4.8,100.0,A
708,27.3,89.8,4.7,100.0,A
1451,17.2,74.2,5.6,84.5,B
425,19.5,91.0,7.2,81.8,B
1094,15.4,64.1,1.9,86.1,A
1377,10.3,95.6,6.7,85.9,A
648,14.6,91.4,6.5,90.0,A
73,14.7,70.6,3.8,84.5,B
2966,13.2,92.0,8.7,87.1,A
1660,23.0,70.4,5.5,100.0,A
3014,5.2,91.6,1.5,75.1,B
1006,17.8,93.2,8.2,95.1,A
621,9.5,79.8,4.7,73.6,B
1453,16.7,69.9,8.3,88.9,A
1873,12.8,96.2,8.4,77.0,B
554,16.8,78.2,7.9,98.6,A
3509,18.5,87.6,5.6,100.0,A
1812,16.0,86.7,3.3,100.0,A
3308,17.5,95.8,3.9,98.5,A
2111,11.2,74.3,5.7,89.6,A
3419,6.0,94.5,8.0,84.4,B
999,11.0,76.0,4.4,80.7,B
1908,7.1,88.8,6.8,86.8,A
1488,2.7,99.9,6.9,56.1,C
1814,21.3,84.6,6.0,100.0,A
1398,8.2,99.3,7.0,53.4,D
3409,13.4,79.7,4.7,77.7,B
2949,13.7,78.0,7.2,71.9,B
3711,4.9,70.6,7.9,70.2,B
3723,3.5,81.1,5.6,63.4,C
3605,20.5,90.1,6.7,100.0,A
441,17.7,90.2,6.1,88.4,A
509,15.3,94.6,8.4,72.6,B
1101,22.0,77.3,9.4,100.0,A
590,9.0,85.2,4.3,65.3,C
1726,22.6,84.8,7.3,98.3,A
650,19.9,94.1,1.9,93.6,A
3396,5.3,96.3,8.1,50.4,D
2172,14.5,86.9,2.7,75.9,B
3597,8.2,81.5,6.2,66.1,C
1843,11.2,77.5,6.3,77.5,B
1456,2.7,85.9,6.0,44.8,D
1867,22.2,100.0,6.1,96.4,A
661,11.0,84.3,4.1,73.4,B
631,3.2,86.8,4.4,66.2,C
3422,14.5,83.5,8.0,79.9,B
1250,4.1,87.9,7.3,50.5,D
3264,23.2,75.2,6.4,100.0,A
483,3.8,88.3,6.5,67.7,C
1740,27.0,82.3,4.8,100.0,A
3181,21.8,94.3,4.8,100.0,A
3718,31.2,72.6,8.3,100.0,A
1463,13.5,73.8,4.0,83.1,B
2589,9.4,76.8,5.0,81.5,B
2409,20.7,82.4,6.3,94.3,A
2223,20.2,86.8,4.6,95.9,A
857,9.2,79.4,8.3,62.0,C
1226,14.1,89.7,8.1,75.7,B
1191,15.7,78.3,7.9,89.9,A
2043,11.3,94.0,5.2,75.6,B
531,19.5,77.4,5.3,99.3,A
2489,15.2,100.0,2.9,95.0,A
50,2.7,77.5,6.4,51.1,D
2700,24.3,92.5,7.1,100.0,A
859,11.1,90.0,7.0,88.8,A
1585,18.0,91.5,3.4,100.0,A
1073,15.5,86.2,5.2,85.1,A
720,14.6,81.4,5.4,81.8,B
2679,15.7,85.8,5.7,92.5,A
2585,22.7,80.6,8.1,100.0,A
2789,11.8,83.9,5.7,87.4,A
2024,5.8,70.2,2.0,66.4,C
3477,21.8,86.0,7.4,100.0,A
3600,13.4,69.6,6.0,78.9,B
2010,21.6,89.4,4.7,100.0,A
2767,14.8,84.0,2.4,87.0,A
2517,15.6,71.7,6.7,100.0,A
2004,12.8,86.5,3.3,81.4,B
3356,13.8,62.7,9.1,75.4,B
3373,25.2,96.3,6.5,100.0,A
2510,5.7,83.9,5.8,58.7,C
1554,9.2,92.9,7.8,74.7,B
1570,11.3,96.4,5.2,93.2,A
2655,10.4,98.8,5.8,64.5,C
1386,17.1,87.8,5.5,94.1,A
1400,10.4,96.5,3.6,80.9,B
1196,18.1,74.9,7.0,100.0,A
3513,27.0,95.4,2.0,100.0,A
1476,19.5,80.8,6.6,98.9,A
1781,5.2,91.5,4.6,56.0,C
3262,15.3,76.8,8.2,98.5,A
2173,12.8,71.4,3.0,88.8,A
298,17.2,77.6,6.7,92.6,A
2376,25.1,80.0,7.9,100.0,A
1265,16.2,86.4,4.6,72.0,B
2014,8.4,100.0,5.1,53.7,D
959,19.0,70.0,2.7,88.2,A
1847,23.9,86.4,3.7,100.0,A
1887,9.3,93.5,7.1,74.3,B
1698,10.3,71.1,8.9,78.6,B
2253,4.8,93.1,5.9,66.3,C
1375,25.3,72.9,4.5,100.0,A
1287,2.1,86.1,3.2,58.7,C
3719,13.7,97.6,4.4,71.9,B
350,13.5,80.0,4.4,91.5,A
1369,11.9,78.6,6.3,89.9,A
1941,17.2,72.0,10.0,100.0,A
644,4.5,73.1,5.3,65.7,C
3064,11.3,89.1,7.6,61.7,C
1794,19.7,93.1,5.9,100.0,A
670,22.6,83.7,5.9,100.0,A
3379,18.5,74.5,0.4,77.1,B
2804,8.0,80.0,7.1,58.2,C
3047,23.1,83.2,6.4,100.0,A
1602,24.6,72.5,7.5,100.0,A
1180,7.3,86.5,9.5,56.9,C
3310,15.0,96.5,3.1,99.9,A
2793,12.1,78.7,7.9,92.7,A
3675,14.5,74.2,4.3,91.5,A
2108,19.5,83.3,8.2,100.0,A
2216,16.9,100.0,3.8,92.0,A
1358,17.7,91.4,5.8,82.9,B
787,20.8,88.2,5.2,100.0,A
3629,4.2,83.6,6.8,61.9,C
141,16.6,70.8,7.0,95.0,A
789,14.5,75.0,3.6,88.4,A
324,29.6,100.0,6.1,100.0,A
3415,11.1,100.0,5.7,83.0,B
715,14.7,91.2,9.2,89.5,A
2227,24.9,83.7,2.3,100.0,A
2217,11.9,86.7,7.9,83.5,B
3443,16.0,72.4,6.8,85.9,A
3656,17.5,71.7,6.0,91.0,A
3137,21.7,87.1,7.3,100.0,A
1678,25.6,90.8,9.2,100.0,A
619,18.4,100.0,8.5,98.9,A
407,7.5,87.5,7.6,81.3,B
1808,18.6,84.5,2.0,93.9,A
1790,24.4,70.3,4.8,100.0,A
1727,11.2,87.5,8.2,91.0,A
1776,5.8,79.0,8.5,58.8,C
2260,16.4,90.5,8.1,77.9,B
498,13.7,87.0,5.6,100.0,A
2384,14.7,75.5,9.5,77.9,B
343,16.7,94.9,10.0,97.0,A
2416,16.9,81.2,6.5,86.7,A
3146,18.3,94.4,6.5,83.3,B
783,17.7,84.4,5.8,98.3,A
1324,18.4,80.5,5.9,100.0,A
2160,18.9,76.9,4.3,100.0,A
3129,15.5,84.7,8.5,80.5,B
304,19.3,91.1,5.8,100.0,A
3038,16.2,87.8,2.5,89.5,A
2300,4.5,88.6,6.1,35.2,F
665,10.0,75.6,6.1,84.2,B
1178,14.3,68.9,7.1,98.7,A
1245,10.5,68.3,5.9,73.1,B
3338,14.0,95.9,7.5,64.7,C
2154,16.6,85.4,4.9,90.3,A
2813,27.2,67.2,5.0,100.0,A
3325,22.7,75.8,4.9,100.0,A
2427,19.0,93.3,3.6,100.0,A
85,9.3,69.7,7.5,64.9,C
3716,13.9,94.5,7.3,84.6,B
942,21.1,76.8,8.1,100.0,A
962,24.3,95.4,3.9,100.0,A
842,19.7,85.9,5.6,90.1,A
2113,15.3,79.7,3.9,93.6,A
2943,19.5,95.7,3.8,86.3,A
2247,8.7,82.5,2.3,79.8,B
2175,9.2,100.0,4.0,57.4,C
1979,9.6,100.0,7.6,67.5,C
291,13.5,92.2,7.4,92.4,A
1736,3.7,79.8,4.7,57.1,C
2382,8.3,90.3,2.9,80.8,B
1737,7.6,100.0,4.4,65.2,C
3321,16.4,94.2,4.3,99.4,A
3372,6.6,93.2,6.3,52.5,D
605,17.9,80.6,6.0,100.0,A
2529,29.4,79.5,7.1,100.0,A
917,19.3,87.4,3.0,96.3,A
1938,18.3,97.2,4.3,94.8,A
2284,8.1,96.1,4.3,83.9,B
1100,17.4,68.2,6.6,100.0,A
1089,13.2,76.1,1.8,89.9,A
2607,10.8,68.1,5.1,68.5,C
2016,13.6,77.6,6.5,79.8,B
822,24.9,97.8,3.5,100.0,A
3024,23.1,82.7,3.1,100.0,A
3522,0.0,76.1,7.3,30.2,F
3013,6.0,84.0,7.0,78.1,B
3055,27.1,80.2,7.0,100.0,A
1303,13.8,81.3,7.9,74.1,B
1001,24.8,70.7,5.6,100.0,A
3067,27.3,79.9,5.6,100.0,A
1870,12.1,91.6,5.7,100.0,A
1506,11.8,86.8,5.5,50.6,D
1478,17.9,79.7,2.8,78.6,B
19,8.6,100.0,9.0,75.4,B
494,9.0,90.3,3.4,85.5,A
1126,7.0,82.7,4.8,78.1,B
1405,22.0,84.2,6.0,100.0,A
2527,17.9,92.1,5.5,100.0,A
3092,20.3,97.3,1.0,100.0,A
2289,10.8,86.1,4.9,85.5,A
3547,19.8,86.7,6.2,100.0,A
1949,22.9,73.5,3.4,100.0,A
585,16.3,74.3,6.4,99.9,A
2822,20.9,85.7,6.0,84.6,B
688,12.4,78.5,4.4,76.5,B
2291,27.2,95.3,8.5,100.0,A
1834,17.0,83.6,4.3,100.0,A
1609,17.3,86.7,6.0,96.1,A
2504,10.7,75.9,5.5,76.6,B
3339,18.5,91.8,5.2,99.3,A
1010,11.3,89.8,4.9,84.2,B
2991,25.6,90.1,3.4,100.0,A
2156,10.7,76.0,5.1,74.4,B
361,18.6,100.0,4.6,83.7,B
3170,12.1,86.7,5.6,93.1,A
3400,12.2,84.7,7.8,77.1,B
2390,22.2,62.8,4.8,91.7,A
1311,14.8,69.4,7.5,93.3,A
3050,23.4,100.0,3.8,100.0,A
2801,16.3,93.2,7.1,86.7,A
1957,0.1,90.4,9.1,54.9,D
2243,28.8,76.6,8.2,100.0,A
345,11.7,97.9,8.2,79.7,B
987,25.5,88.4,8.0,100.0,A
2697,22.6,77.5,3.7,100.0,A
744,15.2,80.8,5.8,77.4,B
2760,19.4,86.9,3.8,100.0,A
2288,13.2,71.5,6.1,100.0,A
2656,21.0,97.0,4.8,94.7,A
114,32.2,84.4,4.9,100.0,A
1438,26.3,91.1,4.1,100.0,A
3210,18.2,93.8,5.4,82.3,B
1242,13.6,71.8,7.5,87.4,A
1143,13.9,88.2,2.9,66.3,C
2252,25.6,65.5,8.8,99.4,A
1217,10.3,68.5,5.5,86.5,A
1199,16.6,91.9,4.4,99.5,A
86,11.5,84.1,4.5,93.3,A
3505,11.5,94.3,9.1,86.5,A
2616,19.7,76.7,4.3,98.4,A
1382,11.6,91.0,7.0,98.7,A
1865,24.1,88.3,4.5,100.0,A
669,0.0,86.4,4.5,34.5,F
1015,27.2,83.8,4.2,100.0,A
129,15.7,84.9,6.5,74.8,B
1365,23.4,100.0,7.6,100.0,A
3049,18.0,91.8,8.4,100.0,A
2465,21.1,93.9,4.9,100.0,A
892,18.6,78.7,5.5,100.0,A
2402,16.2,99.6,4.6,84.1,B
1360,16.3,86.5,5.2,80.3,B
308,10.9,80.5,5.7,77.1,B
3468,15.9,83.7,1.4,82.9,B
384,11.3,76.4,6.7,67.3,C
151,16.8,74.8,6.2,90.2,A
1318,12.9,81.2,8.3,86.0,A
1452,26.9,92.5,5.2,93.9,A
1765,13.3,73.5,4.0,93.1,A
3706,17.2,82.8,7.3,92.2,A
427,8.2,85.1,9.9,74.1,B
495,25.7,88.9,6.6,100.0,A
1208,10.4,92.5,7.3,85.1,A
2685,17.3,81.7,6.7,89.9,A
2311,12.8,79.6,3.9,77.5,B
1209,5.2,76.8,9.4,64.1,C
2836,12.9,81.4,5.0,93.0,A
3007,18.4,94.5,9.3,97.5,A
2728,24.4,100.0,10.0,100.0,A
1730,27.9,76.9,4.1,100.0,A
1240,26.4,74.4,5.0,100.0,A
3114,6.5,82.6,3.6,78.5,B
2701,17.7,73.8,4.6,96.4,A
276,18.2,72.6,7.1,100.0,A
490,21.2,82.5,9.3,100.0,A
2806,2.6,89.2,5.8,54.6,D
1230,30.5,82.5,5.2,100.0,A
691,12.5,64.0,6.6,68.5,C
3084,7.2,97.5,8.1,76.9,B
2833,25.9,74.0,5.3,100.0,A
3127,1.6,100.0,6.5,37.1,F
1862,20.7,80.2,5.7,100.0,A
3346,26.4,81.4,6.6,100.0,A
2581,17.6,91.5,9.5,100.0,A
1059,18.8,82.1,8.2,100.0,A
119,23.0,99.6,7.8,100.0,A
1025,27.1,93.7,4.7,100.0,A
2821,13.0,66.0,7.3,84.4,B
282,19.6,88.3,6.5,100.0,A
2190,19.1,91.7,4.2,94.7,A
1317,7.5,80.0,6.8,76.7,B
3672,21.1,86.6,4.2,95.0,A
969,14.7,75.3,3.0,91.3,A
1666,14.8,97.9,2.2,85.6,A
3438,6.1,81.1,6.6,77.8,B
2348,9.0,67.2,7.3,69.6,C
2158,12.8,77.7,6.9,83.4,B
620,16.6,91.6,4.9,93.2,A
3054,9.5,83.0,6.5,83.8,B
156,10.0,90.3,5.5,92.4,A
3636,16.9,99.4,8.4,100.0,A
1656,12.9,81.0,2.5,84.3,B
3300,23.0,81.5,7.8,100.0,A
305,14.9,97.7,6.0,87.6,A
2420,5.7,93.2,6.8,72.2,B
3162,18.2,84.1,4.5,100.0,A
2099,4.1,82.0,5.8,64.5,C
3727,18.5,80.3,7.5,95.7,A
3275,8.6,84.6,6.4,73.5,B
1308,14.9,83.5,6.3,93.0,A
3590,12.2,78.1,8.6,100.0,A
576,0.0,82.6,8.4,61.9,C
2432,7.9,86.9,9.3,79.6,B
3191,12.1,68.0,5.9,53.0,D
3255,17.6,79.3,3.4,99.5,A
1707,19.7,77.3,4.0,100.0,A
1300,17.3,87.9,8.3,88.1,A
133,7.6,77.9,4.6,92.6,A
2766,20.7,86.5,0.0,100.0,A
3216,27.5,85.4,6.1,100.0,A
2847,10.9,95.3,4.0,91.4,A
844,17.7,100.0,8.8,92.2,A
2627,24.8,87.0,4.8,100.0,A
1965,18.9,71.9,6.0,87.2,A
270,15.9,79.9,1.7,83.5,B
630,22.7,89.6,5.7,100.0,A
1731,13.4,79.5,8.6,87.7,A
1034,19.5,86.0,4.0,100.0,A
2163,18.5,100.0,7.7,92.5,A
287,13.9,88.5,8.0,62.1,C
1327,8.4,85.2,6.9,68.0,C
2743,15.3,79.2,8.7,81.9,B
301,9.2,89.2,3.9,62.9,C
2958,13.3,89.4,8.9,90.6,A
3345,8.2,81.0,8.8,51.6,D
1448,19.1,81.6,6.7,100.0,A
1473,14.1,88.1,3.2,86.6,A
2640,17.8,95.7,5.1,84.8,B
2980,16.4,100.0,7.2,96.6,A
1187,8.1,70.6,3.1,72.4,B
66,24.5,82.0,8.4,100.0,A
2754,13.9,77.0,4.9,78.1,B
891,20.7,92.7,6.0,100.0,A
2874,10.9,83.5,3.6,83.8,B
3236,16.3,84.7,5.0,82.9,B
1767,30.2,82.7,8.6,100.0,A
2349,19.9,87.2,4.7,100.0,A
3124,12.5,70.3,8.2,81.0,B
231,9.9,94.1,4.5,79.0,B
504,18.9,82.7,3.6,95.4,A
3678,13.9,80.0,5.3,85.4,A
2576,7.2,85.6,6.3,72.6,B
381,9.1,68.2,2.6,76.5,B
1526,22.6,83.2,1.4,100.0,A
2835,13.3,96.1,9.1,88.8,A
1922,20.2,89.9,2.5,88.8,A
1005,19.9,87.4,7.1,100.0,A
837,25.9,86.2,9.1,100.0,A
2666,5.4,83.9,3.4,56.5,C
375,30.1,99.7,6.6,100.0,A
1954,10.4,80.2,6.2,66.3,C
2621,19.9,81.8,4.3,76.5,B
2750,13.6,69.5,6.3,99.8,A
940,11.1,80.3,6.4,92.1,A
1322,18.7,86.3,1.9,95.3,A
3034,8.1,70.9,7.2,52.5,D
2572,4.9,85.0,5.6,71.1,B
752,5.5,64.4,4.4,76.0,B
100,13.4,91.1,6.0,63.9,C
1544,11.8,98.8,10.0,91.8,A
2598,16.5,90.0,7.6,97.3,A
867,17.0,79.6,10.0,87.1,A
1761,26.5,74.2,4.7,100.0,A
911,12.8,77.0,6.2,90.3,A
3666,6.2,92.0,5.8,69.6,C
1576,14.8,74.3,5.7,95.4,A
530,8.7,83.1,6.6,70.6,B
1261,18.9,66.1,10.0,91.5,A
1861,14.1,87.7,8.9,89.4,A
2290,25.0,80.8,7.1,100.0,A
637,20.8,87.1,8.6,100.0,A
1270,23.7,91.0,6.5,100.0,A
186,20.0,84.5,3.8,100.0,A
2345,0.0,88.2,5.4,24.3,F
2562,15.6,84.8,5.1,98.1,A
2120,13.7,82.1,1.0,91.3,A
1798,9.4,72.9,3.8,79.4,B
932,28.2,91.5,5.1,100.0,A
1442,23.2,89.9,1.7,100.0,A
3545,24.6,89.1,8.0,100.0,A
2842,4.4,89.9,6.6,61.4,C
2011,3.7,91.4,6.2,45.1,D
1536,3.8,88.5,6.6,55.6,C
866,12.3,100.0,8.2,86.3,A
2972,14.5,100.0,10.0,92.4,A
1274,12.8,100.0,6.0,82.1,B
3609,5.6,72.0,3.3,66.2,C
2811,14.2,82.0,6.0,86.4,A
608,6.3,78.5,6.8,52.3,D
3040,13.6,91.2,6.0,92.2,A
1713,0.0,96.4,6.8,53.8,D
3089,1.3,80.8,8.8,44.5,D
152,17.4,70.0,8.4,94.4,A
2006,16.5,100.0,4.9,72.4,B
2658,21.2,90.7,6.6,98.6,A
1406,9.7,64.4,4.8,52.9,D
3015,10.9,89.0,5.9,78.0,B
732,8.2,93.2,3.8,81.6,B
2072,23.7,88.0,6.2,100.0,A
2373,16.1,93.5,7.4,89.1,A
3387,9.3,72.8,9.2,66.5,C
24,5.0,74.2,5.0,58.7,C
3229,20.5,86.3,6.6,100.0,A
159,6.7,89.3,4.4,54.8,D
1749,16.3,95.0,6.5,91.5,A
862,4.4,82.0,5.1,55.3,C
1841,14.1,93.0,10.0,87.2,A
2169,13.4,97.8,6.6,72.3,B
903,15.2,87.1,5.4,86.1,A
353,21.0,73.6,6.7,87.3,A
1231,11.1,93.1,8.4,76.7,B
3544,7.5,100.0,6.7,88.6,A
445,5.9,89.5,8.3,69.6,C
3651,17.9,96.6,4.1,83.8,B
755,8.4,79.1,6.7,83.0,B
1738,7.5,76.5,4.8,74.1,B
924,10.1,92.1,9.8,69.3,C
1667,8.0,87.4,4.5,82.8,B
3693,23.5,86.4,7.4,96.4,A
2612,7.0,93.7,8.1,83.7,B
312,22.7,85.4,9.2,95.9,A
1376,13.5,83.6,5.3,66.2,C
549,17.6,74.9,7.5,89.2,A
2478,25.2,87.3,5.8,100.0,A
1747,21.8,91.5,6.5,100.0,A
2155,6.2,93.6,7.8,62.9,C
2917,13.8,75.9,8.4,76.6,B
1836,17.5,74.1,5.7,100.0,A
307,23.9,86.1,4.9,100.0,A
288,19.1,80.3,4.9,100.0,A
695,19.2,84.3,5.2,100.0,A
309,18.8,87.2,4.2,80.0,B
2737,12.7,97.7,6.3,82.1,B
1757,14.0,86.1,4.9,100.0,A
2869,18.7,79.5,5.2,91.3,A
3259,23.3,74.5,6.3,100.0,A
750,5.2,87.8,6.4,62.5,C
1591,7.5,86.0,6.3,80.2,B
1171,20.3,64.2,3.4,82.4,B
1939,22.6,65.9,3.3,100.0,A
1267,14.2,88.9,8.6,78.4,B
2222,10.5,83.4,8.7,76.7,B
2164,23.0,71.9,7.7,93.8,A
909,19.5,78.9,0.0,82.8,B
2320,7.3,85.7,6.1,66.3,C
87,21.4,100.0,4.6,100.0,A
2947,15.6,94.4,5.8,81.5,B
2003,9.5,100.0,4.7,64.3,C
3085,13.7,68.6,6.1,89.7,A
971,15.9,91.3,6.8,100.0,A
14,1.6,92.1,5.7,60.9,C
874,9.9,97.1,6.2,61.4,C
1724,19.3,79.0,5.8,100.0,A
809,23.8,100.0,5.3,93.9,A
3197,20.0,64.2,5.8,85.0,A
515,11.0,76.1,6.1,80.9,B
2985,3.4,86.8,8.5,61.2,C
410,18.6,87.8,4.1,91.5,A
3167,12.3,100.0,4.7,90.8,A
1338,12.9,88.6,4.7,91.0,A
1414,30.2,76.2,7.1,100.0,A
2803,17.4,77.4,7.3,90.4,A
2046,22.8,62.2,8.6,100.0,A
2532,8.5,94.5,7.0,76.0,B
459,11.1,76.4,4.3,79.6,B
7,26.1,81.8,5.9,100.0,A
383,0.1,100.0,9.0,33.8,F
2323,18.2,68.6,6.1,100.0,A
2717,19.4,94.7,6.9,100.0,A
2186,25.7,96.2,10.0,100.0,A
2712,25.7,71.3,7.3,100.0,A
2299,19.6,90.6,1.8,100.0,A
1884,10.9,97.3,6.8,57.2,C
1714,20.9,95.2,3.0,100.0,A
2526,18.4,84.1,6.3,99.0,A
2426,18.6,92.0,6.7,96.9,A
3112,13.0,91.1,6.2,84.5,B
1394,16.0,79.7,7.7,100.0,A
553,23.2,82.3,8.7,98.9,A
3461,26.9,64.4,4.8,100.0,A
223,19.8,83.0,4.6,100.0,A
1383,30.1,72.7,7.0,100.0,A
1097,15.6,91.3,6.7,86.4,A
3223,24.6,95.6,7.3,100.0,A
9,11.7,100.0,8.2,69.8,C
1926,8.6,83.0,4.0,82.4,B
635,7.9,71.9,6.9,67.3,C
317,19.8,73.4,2.8,100.0,A
3288,13.5,84.1,2.8,77.4,B
1329,6.5,91.1,6.0,77.6,B
428,19.8,100.0,4.9,100.0,A
3673,7.0,85.8,7.0,72.7,B
106,17.8,74.7,4.6,77.7,B
2103,8.9,74.9,3.6,63.4,C
143,3.7,71.7,1.2,58.2,C
122,8.6,88.4,6.7,76.7,B
2224,13.7,80.0,5.4,74.7,B
2935,21.1,93.2,8.9,100.0,A
3563,0.0,79.8,9.5,33.6,F
1190,8.2,74.7,6.9,62.4,C
3433,18.7,81.1,5.3,100.0,A
3225,17.0,85.9,5.8,82.4,B
2313,16.6,74.8,3.7,100.0,A
1690,13.2,73.0,6.7,77.4,B
116,17.1,77.8,9.3,100.0,A
2500,17.4,100.0,7.7,98.0,A
1950,14.6,95.7,6.9,68.6,C
3312,18.1,94.9,3.9,100.0,A
1980,17.8,85.7,7.5,100.0,A
2659,16.2,68.1,6.7,78.6,B
3476,6.0,83.3,9.5,63.5,C
2593,14.7,73.5,4.3,100.0,A
3665,23.3,88.6,6.6,100.0,A
1952,23.8,78.1,4.5,100.0,A
2511,18.4,75.5,6.3,100.0,A
3287,12.7,99.3,4.4,94.8,A
673,12.6,77.7,4.4,81.9,B
2543,13.5,85.7,8.3,83.2,B
92,21.8,92.7,7.9,100.0,A
1110,28.4,95.9,4.3,100.0,A
3411,10.3,68.6,5.2,68.0,C
592,11.7,77.2,6.3,67.8,C
2855,23.5,91.9,6.0,100.0,A
3463,16.1,76.4,5.4,87.1,A
3536,26.2,82.6,8.6,100.0,A
889,19.1,97.6,5.5,88.6,A
3667,20.1,79.1,4.2,95.8,A
2283,23.4,99.1,5.9,93.5,A
1577,3.7,77.0,6.5,48.8,D
2424,14.7,84.0,5.6,84.7,B
1715,11.3,81.3,5.6,85.2,A
214,19.6,82.6,8.7,90.2,A
779,14.5,86.2,3.9,100.0,A
2668,6.4,86.5,3.2,50.1,D
1449,23.7,82.8,4.6,92.5,A
2305,29.0,81.3,5.6,100.0,A
801,21.6,73.2,7.5,89.3,A
3095,9.0,93.8,7.6,68.7,C
3553,17.4,100.0,6.2,100.0,A
2207,25.4,95.6,6.5,100.0,A
1568,18.6,93.0,5.3,93.0,A
2828,14.6,100.0,4.1,67.0,C
3306,22.4,90.0,4.4,97.0,A
1519,7.8,91.0,9.2,77.8,B
2742,18.2,77.8,6.9,95.0,A
3365,10.0,79.7,8.4,66.2,C
1344,23.3,62.7,3.9,100.0,A
274,15.1,72.9,2.0,90.1,A
1813,26.3,81.8,8.2,100.0,A
72,25.8,82.6,7.0,100.0,A
721,17.2,99.6,5.7,87.4,A
1741,14.3,87.6,2.7,94.7,A
1088,16.7,95.4,7.5,93.1,A
395,23.3,90.6,6.3,100.0,A
584,30.9,100.0,7.1,100.0,A
3608,22.6,82.7,5.4,100.0,A
2499,20.5,83.9,7.2,100.0,A
2506,9.2,71.3,10.0,69.9,C
501,21.5,99.4,2.8,100.0,A
3159,24.3,79.5,7.3,100.0,A
2882,0.2,85.5,7.9,66.0,C
2514,13.2,69.9,8.1,99.8,A
3704,9.1,81.1,6.8,48.4,D
3404,14.3,75.9,6.4,92.4,A
1968,13.9,89.1,7.7,70.0,B
2447,17.1,93.0,5.7,100.0,A
2167,9.3,81.3,5.6,55.1,C
1764,3.8,74.1,8.9,49.3,D
3143,14.3,79.3,7.1,79.0,B
1260,14.6,100.0,5.0,75.5,B
2648,5.2,80.4,2.4,64.3,C
2267,2.5,98.3,9.3,63.7,C
3239,16.3,73.7,6.2,84.2,B
206,8.4,87.1,8.2,70.2,B
734,3.1,88.7,3.5,48.3,D
1177,3.1,84.6,4.8,69.3,C
527,3.6,86.1,5.8,63.9,C
2919,15.7,100.0,5.0,87.7,A
916,17.0,75.6,4.4,100.0,A
899,23.4,87.4,4.1,100.0,A
378,16.3,94.9,6.0,100.0,A
2609,21.3,88.0,2.7,100.0,A
1560,13.1,58.2,5.9,92.5,A
2346,22.7,94.9,6.4,100.0,A
1964,19.5,92.4,6.9,100.0,A
3329,7.4,90.9,6.9,70.4,B
349,10.0,72.0,6.4,79.9,B
387,17.4,76.8,6.7,85.4,A
199,15.4,68.2,9.3,99.8,A
3647,16.8,68.0,6.4,90.4,A
1710,8.2,85.4,8.7,63.1,C
1051,10.6,79.9,2.4,77.3,B
591,15.5,81.6,7.6,93.7,A
520,20.3,98.4,5.2,100.0,A
2923,13.6,83.2,10.0,79.8,B
1629,15.5,100.0,7.7,84.2,B
3009,22.6,93.2,3.0,100.0,A
2531,18.3,88.8,3.4,98.3,A
430,2.7,88.0,5.1,47.0,D
1084,29.5,62.3,7.7,100.0,A
2859,23.3,72.5,8.6,93.5,A
2064,14.3,75.0,3.6,93.4,A
208,18.6,93.9,2.5,83.7,B
492,25.4,78.1,5.4,100.0,A
3728,22.5,92.3,7.5,100.0,A
1810,21.3,89.9,5.8,95.5,A
3619,23.4,82.2,5.6,100.0,A
793,16.9,90.6,3.5,95.4,A
3291,24.9,88.0,6.3,100.0,A
1981,8.2,100.0,2.4,45.7,D
3056,9.0,100.0,3.3,63.4,C
3684,23.6,100.0,7.5,100.0,A
1531,16.0,100.0,3.9,94.0,A
1411,24.3,91.8,9.8,100.0,A
3576,17.0,81.1,8.6,88.8,A
2956,27.2,92.7,3.9,100.0,A
84,11.4,83.4,8.3,62.3,C
2931,21.1,65.3,4.4,100.0,A
21,25.3,89.3,6.4,100.0,A
2098,7.5,97.1,5.1,60.6,C
1563,0.0,81.6,7.2,46.6,D
974,10.4,75.6,2.6,67.9,C
1711,22.7,75.3,6.3,100.0,A
2982,23.9,93.8,8.7,100.0,A
1099,21.4,100.0,5.3,100.0,A
887,19.1,70.0,4.9,85.0,A
2259,0.0,95.4,4.4,34.9,F
2883,10.8,87.4,6.6,74.6,B
3140,13.1,100.0,6.8,79.2,B
738,21.9,86.5,8.4,100.0,A
1454,33.2,70.7,4.5,100.0,A
2429,22.9,78.6,9.8,100.0,A
3567,16.6,94.9,7.6,88.7,A
907,5.5,79.6,4.5,79.2,B
2242,19.1,80.5,7.2,100.0,A
3368,16.2,81.1,5.9,100.0,A
948,10.2,80.3,5.5,71.1,B
2565,8.7,70.9,5.2,59.2,C
3233,7.5,85.4,6.1,69.8,C
716,22.7,79.3,4.0,100.0,A
2481,10.8,90.2,4.6,88.5,A
687,13.3,57.2,8.2,95.1,A
3183,7.3,84.2,8.1,81.9,B
2755,14.5,97.1,7.3,86.3,A
3699,21.5,90.2,6.9,100.0,A
886,27.9,96.3,6.2,100.0,A
918,16.3,84.3,1.6,79.3,B
2303,12.3,79.9,6.3,76.9,B
2359,2.6,96.8,5.4,61.8,C
1266,5.1,85.0,4.4,65.5,C
484,16.4,84.5,3.7,75.5,B
2799,12.5,74.8,5.6,84.5,B
3224,19.9,98.2,6.6,86.2,A
278,10.8,77.5,8.7,69.6,C
989,13.5,80.5,5.5,91.6,A
2085,11.1,90.0,5.6,65.3,C
1246,6.4,94.4,5.0,68.1,C
572,26.7,76.0,4.1,100.0,A
1436,17.0,76.4,4.3,93.1,A
994,10.2,77.6,4.0,76.8,B
2118,8.0,72.7,7.9,76.7,B
2114,8.0,83.5,7.5,76.9,B
586,16.7,79.0,5.4,84.2,B
1350,13.4,88.2,8.4,94.3,A
1008,19.4,70.4,7.0,97.6,A
675,5.1,88.4,6.2,70.5,B
448,8.4,95.8,6.2,89.5,A
2130,20.0,99.6,7.1,92.6,A
2802,33.9,72.7,8.2,100.0,A
2065,16.9,82.9,4.0,92.5,A
2953,18.3,81.6,6.4,90.9,A
2339,15.0,73.4,5.6,96.5,A
1691,19.1,89.7,10.0,81.3,B
3079,16.6,92.0,7.4,93.1,A
1248,9.6,66.3,6.4,79.1,B
1986,18.6,91.9,5.7,100.0,A
295,17.5,92.0,7.0,89.9,A
1548,17.1,93.2,10.0,90.9,A
2013,9.6,94.2,7.7,62.5,C
589,20.8,80.6,5.3,100.0,A
2860,16.4,78.4,4.8,83.5,B
426,24.6,93.6,4.9,100.0,A
1055,11.1,79.4,3.0,85.2,A
3589,23.7,72.2,2.9,100.0,A
557,11.6,89.1,9.0,76.3,B
2414,8.6,70.9,4.7,70.3,B
3304,7.8,84.0,6.8,70.0,B
3301,17.4,90.7,5.4,100.0,A
2528,19.2,88.9,5.5,82.7,B
1194,17.2,92.3,8.0,100.0,A
1717,17.3,85.7,8.3,91.0,A
2535,12.1,88.9,7.1,84.1,B
3361,6.9,68.0,10.0,74.9,B
2298,24.8,66.8,4.2,100.0,A
1286,5.7,90.1,7.0,68.5,C
2330,20.9,75.0,4.8,100.0,A
2355,23.5,94.8,1.2,100.0,A
2981,16.8,76.8,4.9,79.9,B
2088,14.0,60.5,5.0,71.5,B
1890,14.9,90.9,6.8,88.6,A
1592,0.0,84.6,8.2,66.0,C
3289,10.6,97.4,3.9,85.1,A
3515,18.0,68.7,9.2,96.8,A
3683,16.3,97.4,5.0,90.3,A
1138,6.4,78.2,7.3,60.3,C
2385,15.2,81.9,2.4,98.8,A
3730,0.0,97.7,9.6,49.1,D
3527,13.6,81.1,3.6,100.0,A
1712,14.2,78.3,6.7,79.8,B
3080,13.3,90.9,6.9,83.0,B
454,18.5,94.1,8.1,86.2,A
914,26.0,73.8,8.9,100.0,A
2501,19.0,86.3,6.0,100.0,A
1200,24.5,85.5,6.6,100.0,A
1275,23.5,86.4,6.7,100.0,A
38,1.3,92.9,8.6,50.1,D
975,11.9,79.5,5.3,62.4,C
984,14.7,95.3,8.7,95.2,A
2494,25.1,82.7,8.8,100.0,A
1419,25.7,89.7,7.2,100.0,A
1561,14.9,90.7,2.2,72.3,B
40,16.4,76.5,2.6,84.0,B
1487,5.1,75.6,7.8,54.4,D
2381,8.3,93.9,3.7,73.6,B
170,9.7,80.5,9.9,72.9,B
1356,0.0,76.9,10.0,60.7,C
2230,22.1,89.0,4.0,99.5,A
3350,14.0,95.7,5.7,89.6,A
3518,18.0,72.2,0.2,83.7,B
2461,15.5,92.4,4.7,72.0,B
1641,15.2,87.7,5.7,100.0,A
1291,17.7,86.2,8.9,94.8,A
1381,19.7,87.9,5.1,94.4,A
1934,14.3,67.8,4.8,76.4,B
580,23.0,93.0,7.6,100.0,A
2031,20.6,70.2,0.0,100.0,A
893,22.5,93.6,8.5,100.0,A
781,16.2,93.9,4.8,86.9,A
160,19.6,78.5,10.0,93.2,A
3,19.5,86.3,5.3,100.0,A
3072,26.9,73.6,9.7,100.0,A
850,11.3,79.8,8.1,76.3,B
2563,8.5,80.7,5.0,87.8,A
1597,19.3,93.8,6.2,87.5,A
1777,10.7,95.6,8.2,80.2,B
1914,18.5,77.0,8.4,100.0,A
1044,14.7,94.2,4.1,100.0,A
1545,10.8,80.2,5.3,89.2,A
2274,15.2,82.0,7.0,87.4,A
54,19.3,77.7,8.2,100.0,A
3594,4.6,53.9,2.0,79.5,B
1912,30.6,81.1,3.2,100.0,A
2873,0.4,82.7,7.2,50.8,D
825,11.9,78.9,6.8,75.5,B
3333,26.1,76.3,6.5,100.0,A
1390,9.7,83.7,5.4,63.3,C
3227,9.1,82.0,6.5,81.8,B
2336,19.0,86.9,6.7,94.9,A
1608,26.4,84.8,8.6,100.0,A
1595,0.0,90.0,7.4,57.5,C
772,11.1,83.8,6.9,78.9,B
1869,7.4,93.1,5.7,75.0,B
1086,18.0,78.2,6.0,96.6,A
2542,6.2,80.7,6.0,59.4,C
1326,1.2,81.8,5.8,40.6,D
1464,9.0,78.0,4.5,66.8,C
807,16.6,72.1,4.8,97.5,A
2293,15.6,62.4,6.3,97.1,A
2315,19.7,98.4,9.3,100.0,A
2109,12.7,80.9,7.1,79.5,B
2649,15.1,82.7,8.1,92.1,A
3664,17.2,87.7,5.2,94.0,A
964,20.0,80.8,4.7,100.0,A
399,14.2,100.0,7.2,81.5,B
3495,18.6,100.0,1.3,90.2,A
705,4.1,68.5,5.4,71.4,B
432,0.7,89.0,6.8,54.4,D
293,10.9,88.2,5.2,74.5,B
3523,8.2,60.6,7.7,84.2,B
146,20.5,94.3,9.7,86.1,A
2034,18.5,68.3,7.9,72.8,B
2619,18.2,87.8,5.9,100.0,A
1166,32.1,100.0,4.4,100.0,A
2051,20.8,89.0,5.0,100.0,A
3358,0.1,80.1,8.1,53.1,D
340,11.1,88.1,7.4,94.6,A
2257,21.2,100.0,3.4,100.0,A
266,6.3,89.9,8.8,68.7,C
2901,14.7,97.7,6.5,69.4,C
1772,26.9,98.0,5.2,100.0,A
272,4.9,91.8,6.2,69.7,C
697,17.3,75.5,9.4,100.0,A
3697,11.0,97.6,9.6,73.5,B
245,6.6,96.5,6.5,55.6,C
3654,9.2,86.6,5.8,68.2,C
477,19.0,94.1,6.1,83.4,B
2033,18.3,83.9,5.3,98.9,A
3165,6.9,90.4,7.3,65.6,C
2343,18.4,82.1,7.8,98.8,A
814,16.4,85.6,4.8,96.1,A
1915,2.4,100.0,6.1,42.2,D
3144,10.8,81.8,8.2,73.0,B
3670,17.4,87.3,9.5,82.0,B
1805,2.4,84.3,7.8,60.9,C
2692,13.3,91.2,4.3,73.1,B
251,6.2,83.9,3.5,74.7,B
546,9.4,84.1,4.8,65.3,C
739,26.7,60.0,5.1,100.0,A
311,13.5,73.9,8.6,90.6,A
1132,18.0,97.4,5.8,100.0,A
1450,15.1,79.0,6.1,86.2,A
3614,17.8,83.2,5.6,80.7,B
16,11.1,87.4,3.9,73.5,B
3268,12.4,67.7,2.7,85.2,A
3661,12.5,88.7,9.3,85.4,A
2995,8.3,89.0,8.5,71.0,B
364,17.8,82.1,3.7,89.5,A
183,7.5,85.6,8.2,80.1,B
1195,3.8,78.0,6.3,47.6,D
2310,21.2,90.1,3.9,96.7,A
1122,23.3,97.4,6.3,100.0,A
3616,20.1,100.0,7.4,99.4,A
1183,21.4,100.0,3.0,100.0,A
2731,23.6,72.3,4.0,100.0,A
615,32.1,78.9,4.7,100.0,A
1467,26.7,75.8,7.2,100.0,A
402,10.8,88.7,4.5,67.8,C
935,18.1,87.1,9.5,91.9,A
2463,18.4,80.8,4.3,100.0,A
3267,8.9,75.0,6.3,71.0,B
727,15.1,92.9,3.6,100.0,A
827,26.1,92.7,5.9,100.0,A
1522,19.1,89.2,2.1,98.6,A
137,9.5,79.3,3.6,81.9,B
629,15.4,82.3,5.4,80.9,B
335,21.8,88.8,7.0,100.0,A
391,8.7,84.9,4.2,54.1,D
2858,13.4,71.6,6.0,71.9,B
1818,10.0,96.0,7.8,87.1,A
3349,19.8,77.9,6.2,100.0,A
711,16.5,88.5,2.7,77.2,B
1040,22.3,88.3,9.8,100.0,A
2441,27.2,81.0,4.0,100.0,A
3219,9.9,95.1,5.1,80.6,B
1562,9.8,96.7,2.8,65.0,C
3424,17.9,84.7,6.4,94.0,A
3122,10.7,84.3,7.5,100.0,A
1113,21.1,90.5,3.4,100.0,A
1224,17.9,79.5,0.4,82.7,B
2485,11.2,100.0,8.1,81.2,B
1509,15.6,80.6,5.7,100.0,A
1751,0.0,89.0,6.1,60.7,C
3335,24.8,89.0,2.7,100.0,A
339,17.9,78.4,5.8,99.9,A
216,20.3,81.4,7.1,100.0,A
1342,15.0,73.7,4.4,88.7,A
3116,16.8,75.1,5.1,94.4,A
3488,19.7,81.1,5.0,100.0,A
2413,7.1,87.5,2.9,57.7,C
2319,11.1,88.0,4.6,88.4,A
2518,0.0,85.5,7.8,34.4,F
102,12.1,94.3,2.2,73.4,B
2667,20.9,89.8,4.8,94.3,A
172,9.3,88.5,8.7,66.2,C
108,16.2,100.0,5.0,93.6,A
2611,19.6,78.0,8.2,88.6,A
3714,0.1,82.1,7.3,60.1,C
2733,18.9,78.2,5.6,100.0,A
2488,14.7,78.3,8.6,87.5,A
2370,23.7,100.0,7.3,100.0,A
2530,7.1,75.0,5.9,74.5,B
2495,6.2,83.0,2.3,72.9,B
2794,8.5,96.2,5.6,70.0,C
2896,40.0,75.7,4.2,100.0,A
3194,10.7,84.3,7.7,82.1,B
1041,26.8,82.3,6.1,100.0,A
2121,31.9,81.8,4.9,100.0,A
1525,12.4,96.5,9.1,81.8,B
3278,15.9,75.5,2.3,100.0,A
2249,13.7,71.5,6.0,67.3,C
482,8.3,78.0,5.5,78.5,B
2646,9.5,91.5,9.0,82.8,B
2752,26.0,78.2,4.2,99.2,A
1763,15.5,82.4,9.2,97.8,A
3033,18.2,89.8,7.6,83.9,B
3150,8.7,94.4,6.6,87.3,A
2574,14.6,70.9,3.5,76.7,B
2544,12.8,79.3,5.8,90.3,A
406,19.4,67.1,6.5,88.6,A
758,16.3,69.5,9.8,91.8,A
3669,14.0,90.8,7.4,83.1,B
98,16.8,95.7,5.3,73.1,B
1334,25.4,68.5,5.1,100.0,A
2957,21.5,87.1,3.4,100.0,A
3442,10.7,96.8,4.4,93.2,A
2846,7.3,93.4,2.9,61.4,C
2059,16.8,87.9,5.8,83.6,B
2615,19.2,80.8,3.5,84.3,B
149,18.7,92.8,10.0,100.0,A
29,10.8,86.2,3.4,63.6,C
2546,18.0,95.7,4.2,89.6,A
2452,9.2,80.9,4.4,69.2,C
693,7.4,100.0,4.1,66.7,C
1387,24.1,71.3,3.9,100.0,A
1846,7.8,80.9,5.6,71.7,B
2549,22.1,83.8,4.1,100.0,A
1600,9.9,74.8,8.6,66.3,C
702,22.3,78.9,3.4,96.1,A
1709,14.1,90.5,6.9,76.3,B
455,11.3,92.8,7.5,71.9,B
2041,10.1,82.4,4.5,67.3,C
2602,19.3,90.6,4.6,95.2,A
2316,18.0,88.3,7.4,99.7,A
610,25.5,80.4,5.2,100.0,A
168,28.3,87.7,3.9,100.0,A
731,16.4,91.7,7.8,80.7,B
2678,4.0,82.4,8.4,73.6,B
3334,19.0,93.9,7.2,92.0,A
2782,10.5,80.1,5.8,68.9,C
1623,21.4,75.7,7.8,100.0,A
588,9.1,80.8,3.1,72.0,B
1402,18.8,76.8,8.7,87.5,A
1701,17.5,78.7,5.8,100.0,A
2715,17.6,72.8,4.2,100.0,A
2930,21.9,85.6,4.5,100.0,A
1380,27.8,89.7,4.4,100.0,A
2090,25.2,88.8,6.6,87.9,A
2176,29.6,93.9,6.1,100.0,A
3510,11.3,89.3,2.6,75.7,B
2496,20.7,90.4,7.8,100.0,A
3017,4.4,83.4,5.6,68.3,C
442,14.8,95.8,7.9,81.0,B
2052,8.9,77.9,1.8,73.4,B
1302,21.9,91.2,7.0,100.0,A
3177,4.7,77.6,9.1,64.9,C
1305,18.8,60.6,10.0,85.7,A
237,0.8,91.0,4.2,53.0,D
521,3.3,90.4,6.3,66.1,C
736,18.3,88.2,3.9,98.8,A
3295,6.6,83.8,5.6,70.7,B
2107,8.7,95.7,4.8,85.1,A
593,18.4,79.1,2.0,91.3,A
1304,9.7,93.5,5.1,80.1,B
1388,25.9,88.4,8.8,100.0,A
2421,22.3,86.5,6.7,99.8,A
2763,21.3,100.0,7.0,96.2,A
3466,5.6,94.0,6.6,77.6,B
905,16.3,73.1,1.9,77.9,B
3546,17.2,80.9,8.0,94.8,A
1280,12.8,77.8,7.4,71.3,B
2973,5.4,74.6,7.4,63.9,C
3578,10.5,74.7,4.4,92.1,A
2309,18.7,78.1,6.6,91.8,A
2955,8.4,75.0,3.1,73.5,B
3234,28.4,79.0,4.7,100.0,A
2948,0.0,74.3,6.2,66.1,C
707,6.0,62.4,5.1,75.6,B
3280,18.9,64.9,8.3,100.0,A
746,9.9,75.0,4.3,84.0,B
1940,15.7,87.4,5.0,92.9,A
2534,8.6,83.8,5.3,71.0,B
514,8.6,88.3,9.3,63.2,C
82,17.5,64.4,6.4,79.5,B
1309,22.6,70.8,4.4,100.0,A
3086,17.2,90.2,5.6,100.0,A
915,14.3,78.7,8.5,89.4,A
3429,18.1,71.3,6.6,84.9,B
3413,28.9,67.8,7.6,100.0,A
775,19.4,78.6,8.0,85.6,A
330,19.4,80.3,5.4,97.9,A
2055,5.6,88.1,3.8,64.1,C
2002,14.0,81.4,6.5,93.9,A
944,14.3,99.1,7.6,80.0,B
823,31.1,86.7,7.1,100.0,A
910,30.1,81.8,2.9,100.0,A
182,9.0,97.2,4.7,84.7,B
165,21.7,74.0,4.6,97.4,A
1524,8.3,100.0,5.7,75.4,B
452,21.7,80.6,8.4,100.0,A
1312,20.7,87.1,7.9,91.6,A
1112,16.5,80.4,6.3,97.3,A
3083,1.2,93.1,5.7,64.1,C
1288,18.6,94.2,7.8,95.5,A
328,20.5,93.7,8.2,100.0,A
1791,1.9,95.8,4.3,65.2,C
3470,13.5,93.6,6.5,100.0,A
2008,9.3,79.6,8.5,65.8,C
1859,17.0,82.5,6.2,98.7,A
313,20.8,84.2,7.3,99.6,A
833,8.0,79.4,4.8,71.7,B
1202,12.0,88.3,6.3,69.1,C
2863,7.3,86.8,7.2,47.7,D
2443,6.0,68.7,7.1,53.9,D
2135,12.5,76.3,6.3,89.6,A
2210,15.0,67.0,5.0,85.1,A
2910,23.8,83.7,5.7,100.0,A
1482,12.4,91.1,9.1,92.6,A
778,13.3,91.1,3.4,71.3,B
800,15.2,72.5,6.4,100.0,A
55,22.2,80.2,4.1,100.0,A
1921,1.1,100.0,4.9,62.5,C
3206,10.3,91.4,3.5,56.3,C
2673,16.8,92.1,4.7,78.0,B
1702,18.4,87.0,4.8,100.0,A
2162,16.7,88.6,3.5,100.0,A
3490,3.8,80.3,6.3,67.5,C
988,21.1,86.6,7.6,100.0,A
2670,19.4,89.5,7.3,98.9,A
1395,12.4,83.4,4.1,63.5,C
769,10.6,76.3,5.0,77.6,B
3294,17.4,84.0,4.9,82.1,B
286,1.3,82.9,5.5,54.5,D
3274,20.0,91.6,8.0,86.3,A
429,22.4,82.9,4.4,96.4,A
2333,4.4,91.9,8.0,66.9,C
2080,11.8,80.5,3.1,69.6,C
723,5.6,68.4,3.3,71.2,B
952,17.5,78.2,5.9,88.1,A
2263,23.7,78.4,8.5,100.0,A
990,15.2,77.9,5.7,81.7,B
3471,14.4,93.2,2.7,94.5,A
3253,19.5,100.0,7.8,100.0,A
327,23.1,81.6,3.7,98.6,A
1384,10.8,64.0,4.9,61.6,C
1725,8.5,87.3,5.3,86.8,A
1087,22.2,78.7,6.1,100.0,A
342,16.7,74.9,5.1,80.6,B
148,5.8,69.8,9.7,62.3,C
2893,20.4,100.0,5.0,100.0,A
1108,7.6,100.0,3.4,71.2,B
849,10.5,77.8,4.3,80.0,B
967,10.3,81.8,5.5,44.7,D
3048,12.6,76.9,8.2,96.8,A
2204,5.9,87.8,7.1,71.9,B
662,11.2,79.6,0.8,81.0,B
1003,15.4,93.3,5.4,90.3,A
3110,1.9,83.0,2.4,69.0,C
3118,9.7,80.2,4.7,61.9,C
2900,17.0,69.1,9.2,82.3,B
3296,7.5,100.0,9.3,50.2,D
1880,9.4,85.2,7.4,71.6,B
3504,15.4,81.0,4.3,92.4,A
1204,18.8,88.2,3.1,99.9,A
1991,20.6,83.5,6.9,99.1,A
25,11.2,96.1,4.9,68.3,C
3496,28.5,100.0,7.5,100.0,A
2515,14.1,77.0,7.7,70.3,B
2578,22.0,100.0,6.1,91.0,A
2848,9.1,79.2,7.4,73.1,B
876,27.6,86.1,8.2,100.0,A
3344,23.6,85.7,6.3,89.9,A
939,16.7,98.6,7.4,97.6,A
2395,14.4,81.7,1.8,86.6,A
3103,26.5,70.1,7.9,100.0,A
3694,22.4,68.5,4.7,100.0,A
386,16.1,76.0,9.5,92.1,A
2841,17.1,80.1,7.9,100.0,A
3347,13.0,92.1,5.3,77.0,B
2727,22.1,81.3,6.8,99.7,A
2292,21.9,81.4,7.6,100.0,A
2690,19.3,88.9,5.4,74.6,B
937,7.9,87.5,4.1,59.6,C
3200,18.1,97.3,7.0,89.9,A
2361,7.8,78.3,8.3,78.7,B
3634,20.2,70.5,1.9,100.0,A
1333,13.5,77.4,5.9,97.1,A
1935,33.5,74.4,9.6,100.0,A
936,11.5,93.0,3.2,72.2,B
2419,17.7,87.5,7.5,100.0,A
567,0.7,94.0,6.1,63.1,C
1855,22.0,80.1,7.1,100.0,A
3480,24.7,83.2,5.4,94.5,A
2468,15.3,84.5,4.5,85.0,A
1646,18.0,92.4,3.6,73.4,B
2631,17.1,75.5,9.1,89.9,A
1793,13.9,84.6,4.6,92.8,A
1431,17.2,83.6,3.9,96.4,A
3364,5.5,81.0,7.8,80.3,B
1014,10.2,88.6,5.3,71.7,B
1929,22.7,84.0,7.4,99.5,A
2790,16.3,83.7,8.4,99.0,A
127,8.1,88.9,4.5,74.0,B
2597,10.8,85.5,7.3,82.2,B
1348,21.5,80.4,1.7,87.5,A
356,8.0,94.8,6.2,68.8,C
828,11.3,81.2,7.5,62.2,C
1640,7.5,97.4,7.9,74.1,B
985,15.0,86.3,2.8,92.5,A
2189,12.0,92.0,9.8,72.6,B
3160,17.2,76.2,5.1,90.8,A
2444,19.8,93.4,5.8,98.4,A
363,14.2,88.1,6.0,85.1,A
2350,12.3,67.5,6.9,85.8,A
346,16.6,100.0,4.3,100.0,A
2556,18.7,69.2,2.7,98.5,A
3151,20.9,99.7,10.0,100.0,A
712,14.3,93.9,8.4,93.7,A
3692,20.9,71.8,6.1,92.6,A
11,11.8,82.3,4.6,66.4,C
2989,7.1,83.3,3.9,77.5,B
2117,13.4,94.2,5.6,87.6,A
1835,10.7,79.5,2.9,90.3,A
794,6.1,94.1,5.3,74.6,B
3434,14.3,89.2,4.5,68.7,C
95,12.3,70.9,8.5,72.0,B
130,11.5,83.8,3.1,54.7,D
2372,11.2,92.0,2.8,77.5,B
2776,13.0,81.8,8.6,91.0,A
3611,15.2,87.2,6.4,91.6,A
2264,7.5,71.1,4.4,55.3,C
1901,19.9,84.6,8.0,100.0,A
2718,21.2,71.4,9.3,100.0,A
2965,23.6,100.0,6.7,100.0,A
1933,11.7,87.0,5.0,60.1,C
2662,8.7,86.5,4.6,66.7,C
1866,3.4,62.3,9.0,79.5,B
1659,8.0,93.1,7.1,69.8,C
517,18.5,93.7,5.5,92.6,A
1858,13.2,88.4,3.4,99.1,A
2244,4.1,72.7,2.6,64.8,C
1278,17.8,90.5,6.6,93.0,A
3596,23.0,78.8,4.0,100.0,A
951,13.3,91.7,8.5,87.1,A
1121,22.7,100.0,9.8,100.0,A
2205,8.3,97.4,9.0,55.2,C
420,15.5,98.2,4.7,90.5,A
923,15.9,76.5,2.8,87.9,A
3532,28.0,86.5,7.2,90.5,A
478,17.2,98.3,5.3,97.2,A
2036,34.3,81.6,4.2,100.0,A
2703,29.1,74.5,3.7,100.0,A
1693,21.1,75.8,4.3,83.8,B
2744,18.9,71.3,9.6,71.2,B
1472,10.7,76.6,10.0,89.9,A
1203,15.9,86.1,6.6,98.7,A
2439,11.9,71.1,6.4,84.7,B
1670,18.8,92.9,5.4,89.9,A
3450,12.1,73.0,4.0,53.7,D
1971,19.2,82.5,7.2,100.0,A
2152,26.6,88.0,9.8,100.0,A
821,11.4,79.3,2.3,75.3,B
1998,8.8,92.5,4.7,51.5,D
3566,15.4,81.3,7.0,90.2,A
1249,16.6,85.1,7.2,79.2,B
2726,15.0,90.9,6.4,81.8,B
3516,18.3,86.7,5.2,81.9,B
2191,3.8,85.1,10.0,45.2,D
3319,22.9,84.7,5.5,95.2,A
1047,19.6,96.3,4.6,100.0,A
1889,11.7,66.2,4.8,86.1,A
2470,13.5,91.2,2.4,64.0,C
616,15.9,90.2,7.6,97.6,A
1319,10.7,96.3,6.7,69.5,C
3586,5.9,94.9,5.2,62.5,C
3624,15.3,74.2,5.4,91.7,A
3638,17.6,97.8,6.2,100.0,A
2137,15.7,97.2,6.8,95.4,A
3043,10.9,73.7,2.6,78.1,B
1773,10.6,93.7,7.3,73.5,B
3668,19.1,93.7,4.9,100.0,A
132,15.5,80.1,6.5,86.8,A
78,12.9,80.4,6.0,87.7,A
2053,10.4,100.0,3.6,82.2,B
725,16.2,71.3,4.5,86.1,A
1315,15.1,100.0,8.1,83.4,B
1852,27.4,96.8,5.6,100.0,A
3631,19.2,60.0,6.5,88.0,A
2894,16.5,68.7,8.4,88.5,A
3075,9.9,87.5,7.9,80.8,B
1373,5.4,80.8,6.0,65.2,C
1856,10.3,81.4,8.1,73.4,B
1320,13.7,83.4,3.4,98.7,A
2561,7.9,100.0,5.8,65.7,C
3573,17.2,84.8,4.7,98.1,A
2837,28.3,73.9,5.3,100.0,A
376,9.6,89.8,3.2,82.4,B
1909,6.6,86.7,5.0,63.8,C
334,10.3,78.2,10.0,81.3,B
2795,14.8,76.3,4.5,68.7,C
3147,10.0,95.8,1.8,84.9,B
2366,25.7,75.3,2.0,100.0,A
1605,11.6,88.6,6.0,79.8,B
1119,16.4,99.3,10.0,88.4,A
3519,24.0,90.4,5.6,100.0,A
1944,12.6,77.0,5.3,67.5,C
2805,14.3,87.4,9.0,86.5,A
2377,12.5,97.9,4.0,97.1,A
3123,18.4,83.8,4.1,86.8,A
1343,18.1,89.6,3.9,100.0,A
321,15.7,85.1,7.4,85.3,A
1620,23.0,74.3,5.0,100.0,A
3025,1.9,82.0,3.1,55.9,C
2061,21.0,86.7,4.3,100.0,A
2220,13.3,87.7,8.3,77.4,B
1674,8.5,88.7,4.2,61.4,C
1943,16.9,87.4,6.3,98.6,A
261,8.5,78.2,7.0,77.7,B
2911,11.3,92.9,6.7,86.3,A
2040,2.6,62.5,4.3,67.3,C
690,18.1,75.7,3.1,100.0,A
902,12.2,72.3,4.5,73.3,B
2307,19.2,81.9,9.4,92.6,A
2027,27.6,87.9,1.8,100.0,A
139,20.7,100.0,6.1,100.0,A
1918,10.7,92.3,6.2,63.8,C
1829,14.3,86.8,5.9,81.4,B
1574,5.5,91.4,1.6,63.2,C
320,14.1,73.8,5.2,84.1,B
654,7.3,100.0,6.4,78.6,B
2138,25.8,69.6,2.7,100.0,A
2886,11.5,75.7,7.1,86.1,A
559,17.8,73.9,4.2,100.0,A
2188,13.1,65.4,6.3,96.0,A
113,15.4,96.3,5.7,78.9,B
532,3.4,90.9,4.4,55.1,C
225,11.7,90.1,9.4,87.4,A
724,20.2,95.3,5.3,100.0,A
3435,30.9,77.7,4.2,100.0,A
3188,21.3,91.6,4.8,100.0,A
1434,10.9,97.9,5.1,77.5,B
2374,18.5,92.7,7.0,100.0,A
2881,0.0,73.6,7.0,51.1,D
2967,17.5,77.5,4.9,91.4,A
1459,24.0,83.5,3.3,100.0,A
3352,12.6,82.6,5.2,81.1,B
847,17.0,85.8,4.7,80.5,B
194,6.3,75.7,4.1,44.1,D
1465,10.9,92.4,3.1,89.2,A
2622,20.5,88.2,5.8,97.6,A
947,4.3,97.0,9.2,64.4,C
2022,16.9,81.1,7.9,93.6,A
2552,1.8,79.9,7.1,36.0,F
1630,21.0,91.9,5.4,93.6,A
118,6.8,70.7,6.4,73.2,B
646,13.1,90.4,5.6,83.8,B
1871,7.3,84.6,5.5,66.4,C
4,25.7,70.2,7.0,100.0,A
75,0.0,86.4,6.8,47.4,D
1756,24.6,100.0,7.1,100.0,A
468,20.3,89.4,4.9,100.0,A
6,13.4,65.1,5.0,97.5,A
1247,15.2,89.1,4.7,86.5,A
920,16.4,90.4,6.5,80.4,B
2596,0.0,100.0,6.0,61.6,C
229,10.0,65.7,10.0,69.5,C
1064,2.8,75.9,8.6,50.2,D
2591,23.7,82.4,7.2,100.0,A
243,18.5,86.9,4.7,72.7,B
2824,5.2,83.7,8.6,65.1,C
1161,0.0,81.8,3.7,49.9,D
3115,17.7,72.7,1.8,94.1,A
2771,13.6,72.7,9.2,86.0,A
2564,16.8,80.3,6.6,82.1,B
2672,19.1,70.4,8.1,93.1,A
1527,28.2,99.1,5.5,100.0,A
1606,8.3,78.8,6.1,50.1,D
3643,8.1,68.0,4.6,64.3,C
3703,8.6,82.7,4.3,64.4,C
2878,10.3,80.2,5.6,74.8,B
3154,12.4,85.4,5.1,87.2,A
1990,18.0,83.0,6.4,90.6,A
2908,7.1,85.1,7.3,75.7,B
2363,4.3,83.7,6.4,63.9,C
1976,12.3,79.7,5.3,62.5,C
1762,20.2,80.6,5.0,100.0,A
1306,8.7,81.6,5.3,65.8,C
1542,27.4,73.9,5.5,100.0,A
3232,0.8,86.9,4.4,46.2,D
2473,9.5,84.5,7.9,81.5,B
2643,9.1,75.4,10.0,59.1,C
623,28.2,78.6,5.8,100.0,A
2862,18.4,88.8,7.8,95.5,A
1494,16.3,86.0,4.3,75.6,B
111,1.6,97.0,5.3,43.5,D
2276,7.4,80.3,6.9,56.5,C
2808,9.2,82.4,4.6,75.4,B
1170,21.0,82.6,5.3,96.9,A
3044,16.6,88.4,8.2,100.0,A
233,15.3,76.5,6.7,81.5,B
67,14.5,73.7,7.1,80.4,B
3359,18.2,92.0,3.4,76.1,B
2073,15.6,90.3,4.5,73.9,B
2193,29.2,89.1,7.4,100.0,A
537,9.0,82.4,7.5,77.6,B
126,30.3,75.7,1.1,100.0,A
2134,19.1,83.1,10.0,98.9,A
1255,23.6,97.3,4.9,96.5,A
3073,16.4,99.5,6.2,83.6,B
1977,22.9,71.4,4.0,100.0,A
3045,20.0,76.7,3.5,99.1,A
3265,19.7,93.7,5.6,82.9,B
2076,12.8,82.4,4.9,87.0,A
485,9.7,79.7,4.8,74.0,B
1655,17.4,72.5,5.8,96.9,A
3322,8.7,85.7,7.3,70.4,B
3094,17.9,76.4,6.5,88.0,A
3298,8.4,93.4,2.9,76.1,B
1775,9.8,86.9,9.6,65.5,C
2411,20.7,92.1,5.6,96.9,A
919,11.9,69.5,5.1,85.6,A
1647,13.7,93.3,5.3,78.0,B
1027,15.3,93.7,3.5,100.0,A
1031,13.2,85.6,3.0,74.7,B
883,11.6,96.5,5.4,65.5,C
1336,12.6,63.7,4.0,95.1,A
2747,16.7,78.3,3.2,83.2,B
2756,11.8,74.1,5.5,69.8,C
2714,5.2,74.5,5.6,72.7,B
365,19.8,80.0,1.9,95.4,A
2126,18.8,82.0,5.7,100.0,A
28,17.6,83.9,8.9,100.0,A
474,24.6,98.7,5.5,100.0,A
526,2.4,77.1,6.6,79.1,B
726,13.7,69.9,5.3,99.6,A
56,21.5,84.1,7.7,100.0,A
639,6.0,91.7,5.3,49.8,D
303,20.2,70.6,4.7,100.0,A
3238,6.2,90.9,4.1,74.8,B
1277,31.2,92.7,7.2,100.0,A
3270,19.5,91.5,5.6,100.0,A
625,26.2,77.9,4.6,100.0,A
2056,9.3,88.2,2.7,63.3,C
1281,15.9,88.4,7.8,79.0,B
1050,24.7,84.9,7.9,100.0,A
337,9.2,88.3,8.0,56.7,C
48,22.4,85.9,5.8,90.3,A
107,28.2,97.9,6.3,100.0,A
2398,8.0,91.9,8.2,87.5,A
1080,21.0,87.2,6.5,99.2,A
2287,20.5,66.7,4.3,98.8,A
2262,17.8,87.4,6.3,82.0,B
1145,13.8,78.1,5.1,76.2,B
2954,25.6,69.3,2.8,100.0,A
2297,17.9,80.0,4.0,98.3,A
1837,7.0,87.2,5.6,62.5,C
1754,2.2,95.2,5.0,52.6,D
1102,0.0,84.2,7.6,60.7,C
1969,13.6,90.2,3.4,93.3,A
2844,6.8,100.0,7.8,64.5,C
3406,0.0,95.1,6.6,45.8,D
524,19.0,85.9,8.0,100.0,A
2281,2.9,89.5,5.6,58.5,C
2693,14.7,81.6,5.0,81.2,B
1429,13.5,90.5,4.0,84.8,B
2582,17.7,61.1,6.4,100.0,A
3237,22.1,74.4,4.6,100.0,A
604,24.5,80.9,8.2,100.0,A
1490,23.8,89.7,4.4,100.0,A
2907,12.1,75.6,7.8,71.7,B
3020,18.9,85.6,5.1,100.0,A
61,11.6,80.9,2.7,71.2,B
3414,9.2,99.8,3.5,65.7,C
672,0.5,82.0,6.8,51.8,D
93,10.1,78.4,4.9,79.7,B
667,13.2,100.0,6.6,84.4,B
1888,18.0,82.5,5.7,86.1,A
281,15.8,74.8,8.9,89.1,A
1720,12.0,91.6,4.6,87.3,A
360,9.2,82.3,6.9,72.1,B
900,9.3,71.1,7.3,76.5,B
1936,4.5,88.7,1.8,74.1,B
1995,17.5,87.7,4.5,100.0,A
2861,11.3,74.0,8.6,79.8,B
761,11.0,92.9,6.0,72.6,B
2159,24.0,99.3,9.5,100.0,A
3254,22.4,98.3,2.7,100.0,A
43,14.2,76.5,6.1,63.6,C
2174,16.1,72.7,9.0,99.1,A
205,5.4,78.4,6.4,63.0,C
1474,15.1,71.9,6.4,88.0,A
2101,17.6,98.9,6.2,100.0,A
2594,15.4,81.3,3.5,89.3,A
69,17.5,83.1,8.8,83.6,B
1876,24.8,73.7,3.3,100.0,A
3660,30.5,87.5,9.0,100.0,A
2232,20.5,63.4,7.8,94.6,A
138,12.7,78.3,10.0,78.7,B
797,14.7,82.6,4.4,97.2,A
2181,13.7,91.3,3.0,86.8,A
2129,20.0,82.6,8.6,100.0,A
759,9.0,96.7,7.3,62.0,C
542,7.1,81.6,4.5,62.1,C
1020,18.0,73.6,2.6,100.0,A
2834,13.1,87.0,7.8,80.1,B
166,17.9,78.1,6.8,100.0,A
249,27.4,97.6,6.7,100.0,A
1332,23.5,96.4,5.4,100.0,A
2018,1.0,100.0,6.5,45.4,D
447,17.6,84.0,5.5,100.0,A
2483,28.9,85.8,3.9,100.0,A
1359,4.6,82.9,8.2,61.4,C
2146,25.4,94.0,8.7,100.0,A
1330,19.2,85.1,4.4,100.0,A
2786,12.5,90.6,6.5,81.6,B
3617,8.1,84.2,4.4,58.8,C
2151,13.8,91.6,6.1,90.6,A
435,25.5,95.1,6.7,100.0,A
2123,14.9,83.0,6.6,65.2,C
578,20.4,100.0,3.8,95.8,A
2959,22.9,67.6,7.1,100.0,A
3565,21.7,73.2,7.9,100.0,A
3405,18.1,80.1,6.7,100.0,A
2449,9.5,100.0,6.9,87.0,A
1849,21.8,86.8,3.4,100.0,A
763,32.9,100.0,2.9,100.0,A
389,21.7,85.5,5.8,100.0,A
236,19.4,83.3,1.8,100.0,A
3363,2.4,84.7,8.6,39.2,F
1985,21.7,75.6,9.5,100.0,A
268,5.0,83.2,5.5,57.2,C
771,20.0,78.6,6.0,100.0,A
2166,7.9,78.0,6.3,75.0,B
438,5.3,97.0,3.7,78.9,B
674,12.4,90.0,7.4,87.5,A
250,17.8,78.1,8.5,89.5,A
2202,13.7,74.0,6.4,91.2,A
1575,18.3,98.6,8.0,88.9,A
2143,16.2,87.8,7.6,78.5,B
2082,19.2,86.1,4.3,100.0,A
3249,16.6,77.9,5.6,89.2,A
3186,24.3,81.8,4.2,100.0,A
3403,16.4,80.2,9.6,91.8,A
449,11.4,95.8,7.2,66.9,C
1470,18.1,81.3,4.5,93.4,A
717,15.8,100.0,3.0,100.0,A
2969,2.3,63.1,9.5,67.5,C
3245,13.8,76.6,8.3,95.1,A
2049,12.7,97.4,6.5,79.1,B
1902,12.7,100.0,5.9,95.5,A
3091,2.3,86.3,9.6,41.7,D
1169,19.2,76.3,8.9,100.0,A
83,25.3,85.0,4.3,100.0,A
2997,16.8,86.5,8.1,90.2,A
2725,28.7,78.0,6.0,100.0,A
1461,14.0,86.1,6.1,93.4,A
2819,17.8,97.9,4.5,98.2,A
1894,14.2,80.2,5.4,79.2,B
1669,20.9,94.1,1.4,100.0,A
2757,16.4,90.3,4.6,97.5,A
2001,10.3,88.1,8.6,59.8,C
476,13.3,79.0,8.2,82.1,B
518,8.2,85.4,3.9,65.8,C
3217,3.4,99.3,8.1,48.1,D
405,11.8,73.2,2.7,64.9,C
385,9.7,96.9,10.0,87.6,A
3008,4.2,88.0,6.9,54.3,D
2153,15.1,88.5,8.2,87.5,A
1634,22.2,81.1,8.1,93.1,A
3556,14.8,82.8,6.4,79.2,B
689,20.0,84.6,6.0,100.0,A
3021,23.4,73.1,3.2,100.0,A
2875,14.8,83.7,3.8,73.8,B
1241,12.3,91.8,5.1,82.3,B
63,7.3,68.3,6.9,67.1,C
853,10.5,91.0,5.8,71.2,B
3416,14.0,89.9,5.6,74.4,B
3065,4.4,96.6,7.9,61.9,C
1263,18.8,71.4,4.3,93.9,A
224,3.7,100.0,5.0,63.1,C
2194,5.5,100.0,5.4,61.9,C
374,21.7,97.8,1.2,100.0,A
1825,16.2,83.0,6.7,85.4,A
3142,0.1,94.9,7.5,40.2,D
3568,22.5,79.3,4.6,100.0,A
3222,20.3,81.2,1.0,100.0,A
3332,4.2,100.0,7.8,69.1,C
2872,18.2,93.5,8.0,89.4,A
10,18.8,67.6,6.0,80.3,B
2498,13.0,79.6,7.8,85.8,A
1945,19.4,93.2,5.9,84.3,B
1839,14.8,85.1,4.9,72.7,B
709,0.4,91.7,5.4,50.5,D
256,11.6,81.8,6.0,69.5,C
1618,9.7,83.4,7.2,87.9,A
390,11.0,70.7,5.4,97.6,A
1582,23.0,88.6,5.2,77.5,B
925,23.4,89.3,5.1,98.9,A
3447,14.2,88.8,7.1,96.7,A
3428,24.7,79.4,6.0,100.0,A
2509,5.5,78.4,5.2,71.4,B
2037,17.7,77.9,7.4,90.1,A
2974,28.9,96.4,7.0,100.0,A
1225,13.7,81.3,5.7,78.3,B
2550,29.6,74.9,4.1,100.0,A
1947,17.6,83.9,6.9,92.2,A
740,22.1,94.4,5.5,93.4,A
41,20.2,85.6,5.6,100.0,A
869,19.6,76.0,7.0,100.0,A
2780,18.4,96.3,4.0,99.2,A
540,11.0,73.6,9.0,73.2,B
2746,12.9,79.2,5.5,75.4,B
3397,18.5,85.1,8.3,93.8,A
2724,25.4,100.0,4.6,100.0,A
1372,27.0,92.7,10.0,100.0,A
1146,15.1,88.2,9.5,92.3,A
1032,3.3,85.1,7.1,61.4,C
373,25.2,100.0,6.9,100.0,A
668,25.5,81.7,5.3,100.0,A
358,13.0,92.5,7.8,76.4,B
968,27.6,87.4,3.4,100.0,A
2832,8.5,98.0,6.5,63.7,C
2784,7.7,94.9,8.8,65.7,C
1354,20.3,75.6,3.6,80.3,B
1036,26.0,70.0,6.1,100.0,A
471,13.1,82.8,8.9,66.0,C
3215,20.1,100.0,3.1,97.5,A
1397,5.6,99.2,7.9,53.1,D
3252,17.1,87.8,8.2,89.5,A
1550,23.6,76.9,9.0,100.0,A
1257,26.7,81.0,5.2,100.0,A
2095,22.3,98.7,5.2,96.5,A
1556,17.6,66.4,3.4,93.4,A
3209,21.3,73.2,5.6,91.6,A
1251,17.3,93.4,6.3,100.0,A
1700,16.3,85.5,4.6,100.0,A
1253,1.0,74.2,4.3,60.3,C
3436,21.2,60.4,6.6,100.0,A
3484,14.6,91.0,4.1,78.4,B
2934,21.7,100.0,6.5,95.1,A
80,1.1,81.4,4.3,54.6,D
1173,15.7,84.6,6.2,83.8,B
815,22.2,57.4,6.1,100.0,A
1853,6.6,82.3,6.5,63.0,C
2221,12.5,67.7,6.8,94.2,A
2720,15.9,70.0,4.0,83.0,B
3261,13.3,90.2,1.0,67.7,C
2106,26.5,81.7,5.4,100.0,A
134,18.3,97.3,7.5,97.3,A
1141,12.9,88.0,2.9,79.3,B
934,0.0,86.7,6.2,51.7,D
929,26.0,88.0,8.8,100.0,A
824,12.5,92.7,7.9,75.1,B
1532,2.6,100.0,4.5,49.2,D
1215,12.9,88.2,6.6,73.7,B
505,10.4,73.6,3.6,56.8,C
3686,9.0,70.4,5.8,59.1,C
2396,4.9,86.5,6.8,44.0,D
1997,14.8,98.0,8.8,75.0,B
2435,16.6,69.1,4.9,88.1,A
1959,22.4,96.4,5.6,100.0,A
1385,20.2,91.0,4.9,100.0,A
895,24.7,76.6,7.7,92.6,A
829,12.1,98.9,7.2,71.6,B
3628,20.3,80.2,8.9,100.0,A
2524,12.8,80.0,1.6,83.7,B
1684,17.3,69.7,8.2,95.4,A
3193,31.0,72.6,2.3,100.0,A
3393,14.5,97.9,9.5,89.2,A
3613,13.7,80.7,6.0,74.5,B
653,13.1,75.2,4.4,75.9,B
173,14.5,79.3,8.1,75.6,B
39,5.7,93.4,8.3,56.7,C
3558,15.9,71.2,7.4,94.4,A
714,17.8,82.3,2.7,98.9,A
91,15.7,74.6,3.3,100.0,A
3671,22.2,92.3,7.0,100.0,A
1206,15.3,94.5,10.0,100.0,A
2924,14.6,90.3,2.1,73.4,B
3062,12.7,68.5,6.5,100.0,A
3205,8.3,88.7,4.1,64.9,C
1828,24.9,74.3,7.6,100.0,A
1156,22.1,82.3,5.7,100.0,A
1325,15.5,74.7,6.4,86.5,A
217,9.6,82.6,6.0,83.0,B
511,16.9,100.0,3.0,89.4,A
1681,17.8,70.8,5.6,99.5,A
500,5.3,74.2,8.9,72.7,B
3326,18.3,87.0,7.7,85.4,A
1857,24.7,80.7,1.2,100.0,A
1389,15.2,85.9,4.5,82.9,B
1520,28.0,87.5,7.9,100.0,A
2387,13.4,79.8,5.8,80.4,B
3378,8.2,80.9,3.3,77.8,B
2077,19.3,91.4,5.1,100.0,A
1541,14.8,73.9,1.6,100.0,A
1218,17.0,100.0,5.8,87.5,A
2682,12.9,93.0,6.6,74.7,B
3593,31.1,91.4,4.8,100.0,A
2994,13.5,82.7,9.2,93.6,A
1417,15.4,86.5,4.8,89.4,A
2218,14.5,91.3,8.5,91.4,A
3582,24.3,82.1,5.0,100.0,A
1677,23.5,86.6,7.7,100.0,A
1198,18.9,85.3,7.2,91.3,A
1543,26.6,96.1,6.9,100.0,A
2961,9.2,84.5,4.1,81.1,B
2540,15.4,85.1,2.2,85.6,A
954,25.1,92.8,4.8,100.0,A
2636,22.5,76.4,4.7,100.0,A
751,8.5,82.2,6.6,77.6,B
2706,22.3,70.2,7.8,100.0,A
235,30.0,81.2,8.1,100.0,A
733,17.9,80.8,3.9,80.8,B
3721,22.0,84.5,4.7,99.3,A
1157,10.2,99.0,2.5,82.1,B
3384,22.2,81.6,4.8,100.0,A
2446,16.8,80.1,7.2,99.7,A
2983,20.1,77.1,4.7,100.0,A
1210,27.2,69.4,7.1,100.0,A
1066,7.2,73.1,5.8,75.7,B
2157,12.4,72.5,4.8,87.9,A
1063,23.0,77.5,7.7,100.0,A
2617,9.9,92.5,6.7,66.5,C
1168,18.9,73.6,9.3,95.4,A
1493,11.1,96.0,3.1,78.5,B
2939,3.5,75.4,8.7,65.4,C
2996,15.5,98.2,6.9,93.2,A
3395,28.8,94.6,6.6,100.0,A
885,19.8,87.6,6.5,90.1,A
144,16.3,100.0,5.7,87.9,A
3657,15.1,95.9,4.1,76.3,B
851,10.6,89.2,5.3,86.8,A
2783,6.6,76.8,4.6,89.3,A
718,16.1,100.0,5.9,97.3,A
3627,9.2,74.9,9.1,70.6,B
2503,12.7,67.7,9.3,81.1,B
265,13.2,74.0,4.4,69.4,C
76,20.8,81.6,4.4,97.5,A
2493,11.5,90.3,4.2,94.1,A
396,11.7,92.7,7.5,89.6,A
3155,7.7,81.5,0.1,52.4,D
2225,10.5,80.7,7.0,73.8,B
3478,0.3,91.1,9.4,42.1,D
397,3.0,86.6,6.5,58.6,C
1366,13.9,83.0,2.8,100.0,A
3096,24.0,88.3,7.2,100.0,A
1904,17.6,63.4,5.4,77.8,B
596,11.4,87.0,8.9,67.3,C
2110,19.2,98.8,3.3,83.0,B
1297,21.4,77.1,5.5,98.7,A
1822,15.5,80.9,5.4,86.5,A
873,5.3,96.7,6.5,58.9,C
3218,11.3,82.4,0.2,63.4,C
3618,13.0,75.8,7.6,100.0,A
2327,7.4,66.1,4.5,69.8,C
1549,20.4,84.9,4.2,96.1,A
37,16.5,86.8,4.6,99.5,A
2711,9.3,100.0,8.6,84.1,B
3130,12.1,93.5,3.8,66.9,C
2144,16.7,72.9,3.2,79.5,B
3168,16.1,94.6,3.1,89.0,A
978,0.0,95.6,3.0,35.8,F
1572,6.2,86.6,4.2,78.6,B
1123,19.5,98.5,7.3,95.5,A
2787,9.6,83.6,2.7,75.6,B
2240,19.8,95.1,5.8,95.4,A
2968,11.0,84.0,8.2,76.0,B
2505,7.4,92.1,5.7,61.7,C
1893,11.9,96.8,6.7,67.3,C
676,9.6,78.0,6.1,76.2,B
2809,21.4,79.1,10.0,92.4,A
3069,16.6,89.7,8.8,97.2,A
729,11.2,98.2,5.9,81.0,B
413,4.3,77.5,5.9,54.3,D
1517,25.6,96.1,3.1,93.4,A
1650,33.1,83.8,7.0,100.0,A
826,25.2,68.0,4.9,100.0,A
617,15.8,92.5,3.3,96.7,A
115,13.7,93.3,5.3,84.2,B
418,15.8,90.1,5.7,96.3,A
3070,19.8,89.5,5.5,100.0,A
1626,22.6,86.2,6.7,87.9,A
3018,0.0,78.8,9.4,36.8,F
2653,18.6,88.9,5.1,92.3,A
3652,18.9,93.8,7.0,100.0,A
90,18.6,80.6,4.4,93.9,A
2897,0.4,98.6,7.4,51.7,D
3276,24.5,89.0,8.2,100.0,A
2083,4.9,74.2,6.0,87.6,A
754,22.4,77.3,7.6,100.0,A
2547,5.4,69.2,10.0,49.3,D
1631,18.4,100.0,6.4,95.8,A
12,11.7,75.9,7.6,72.5,B
2445,11.5,85.0,10.0,81.2,B
285,29.9,81.2,5.6,100.0,A
1067,5.9,76.5,4.9,68.9,C
1192,5.7,76.5,7.4,72.8,B
1441,19.6,87.7,7.2,97.0,A
3485,7.9,87.8,6.5,75.0,B
3481,12.9,69.7,6.6,76.1,B
2739,25.9,85.2,6.9,100.0,A
3362,3.2,100.0,4.0,62.7,C
1569,4.1,96.1,4.0,63.4,C
2428,14.6,88.4,9.8,87.8,A
2738,17.4,100.0,7.4,96.4,A
3196,1.8,100.0,3.9,59.7,C
1688,16.4,83.4,5.1,85.3,A
852,11.1,69.4,6.8,90.2,A
2208,17.5,77.0,7.0,81.8,B
896,19.5,96.5,6.9,94.2,A
497,7.7,81.4,5.3,72.8,B
2306,36.8,81.0,8.5,100.0,A
1783,4.5,100.0,5.7,40.7,D
336,14.0,98.7,6.6,97.8,A
2840,13.9,86.7,7.2,82.6,B
3088,23.5,91.8,3.7,100.0,A
516,20.3,75.4,5.2,94.3,A
1349,5.4,84.4,8.0,57.2,C
1016,16.4,99.6,6.4,100.0,A
2817,18.4,81.4,9.4,96.7,A
3493,18.5,89.9,9.6,94.9,A
3487,25.7,77.3,6.8,100.0,A
2810,11.2,72.8,5.6,80.8,B
3190,27.8,81.7,10.0,100.0,A
1782,14.4,90.9,4.6,79.5,B
2570,13.4,85.3,6.5,76.8,B
1786,4.8,81.4,7.1,63.0,C
2071,21.8,84.0,4.9,100.0,A
357,14.9,90.4,7.2,94.7,A
3690,13.9,94.7,5.2,89.3,A
1313,24.7,100.0,4.7,100.0,A
1636,12.2,89.5,6.2,96.2,A
551,15.6,90.9,6.0,100.0,A
2389,21.2,92.5,4.3,100.0,A
2480,19.9,99.9,6.2,96.9,A
2522,35.9,98.7,6.1,100.0,A
2266,23.3,100.0,3.2,100.0,A
2960,7.3,85.2,5.9,71.5,B
1228,14.0,87.3,5.5,83.5,B
3327,15.0,75.8,6.0,84.5,B
3060,12.2,88.2,5.0,90.8,A
958,18.2,91.0,8.1,99.1,A
1774,16.4,76.6,3.9,76.9,B
2142,15.4,78.8,3.8,82.7,B
1009,22.3,72.9,6.5,100.0,A
3119,22.3,92.2,6.7,100.0,A
1093,20.1,88.8,4.1,86.3,A
3318,8.1,89.7,4.1,79.7,B
2745,0.0,83.4,6.4,55.4,C
3535,29.7,75.6,7.2,100.0,A
997,27.6,92.9,6.5,100.0,A
1680,12.0,90.8,4.6,85.4,A
154,16.6,81.2,4.8,100.0,A
3148,10.0,81.2,4.6,76.5,B
3646,7.2,85.4,7.5,71.6,B
2909,11.8,78.3,8.0,84.3,B
2838,26.4,63.1,7.2,100.0,A
581,17.4,92.8,5.1,86.0,A
1471,23.4,84.8,6.0,87.3,A
704,5.1,81.0,3.4,62.9,C
1213,10.0,82.2,3.2,69.5,C
897,13.8,89.4,4.6,70.1,B
488,7.4,84.7,4.2,87.8,A
560,12.1,67.1,3.3,100.0,A
1142,24.6,72.8,4.9,100.0,A
1120,22.4,90.7,8.7,100.0,A
2850,11.2,100.0,4.0,60.6,C
513,13.3,85.4,0.9,92.8,A
634,12.0,92.4,5.6,78.3,B
3204,24.0,100.0,4.9,95.4,A
1665,24.1,100.0,7.1,100.0,A
1013,29.5,67.6,7.5,100.0,A
1932,18.5,84.0,5.3,93.4,A
1151,8.1,82.3,5.4,66.4,C
2839,30.5,83.3,10.0,100.0,A
3489,8.5,88.7,7.3,75.5,B
117,14.8,97.8,5.0,100.0,A
741,2.1,70.4,4.6,67.0,C
3432,24.4,70.4,10.0,100.0,A
1975,14.9,77.7,6.0,81.7,B
1082,12.6,77.1,4.3,74.6,B
1811,11.6,98.8,8.6,78.7,B
831,5.6,76.0,9.1,60.5,C
120,20.3,96.1,7.7,95.4,A
657,15.1,77.8,6.9,94.8,A
3391,4.0,84.1,7.5,67.5,C
3340,27.6,77.5,9.6,100.0,A
3641,11.5,100.0,5.8,91.0,A
636,3.4,77.7,6.4,69.2,C
370,9.6,94.4,7.5,80.0,B
269,11.9,75.7,3.4,69.3,C
2704,22.2,95.2,6.2,100.0,A
2984,17.0,88.1,9.6,86.5,A
2871,10.5,100.0,4.0,76.7,B
2915,19.8,88.0,4.5,100.0,A
47,11.8,89.5,3.3,78.7,B
3451,11.7,97.2,8.1,87.5,A
992,0.7,97.8,5.4,61.8,C
877,11.4,95.3,7.9,58.1,C
774,21.8,88.7,6.5,88.1,A
1220,30.0,82.2,2.9,100.0,A
1127,17.1,76.6,3.4,100.0,A
5,13.4,81.9,6.9,92.0,A
3052,10.0,90.7,4.2,77.0,B
1596,7.9,98.5,3.6,49.0,D
3125,14.0,87.6,5.6,87.1,A
2312,27.6,93.5,3.8,100.0,A
3041,19.3,85.7,8.2,96.2,A
3571,12.9,82.5,4.5,94.7,A
2492,10.2,87.3,5.4,73.3,B
3051,5.4,85.9,3.5,76.9,B
1078,12.0,71.2,6.3,79.1,B
838,8.0,68.7,9.8,100.0,A
682,7.1,91.7,6.2,83.2,B
1716,14.4,75.6,5.6,87.0,A
2353,19.8,81.2,9.3,100.0,A
2618,15.6,94.3,4.7,73.6,B
2362,5.5,93.1,7.9,66.4,C
2198,15.1,72.0,9.8,77.2,B
1149,26.2,77.9,5.8,100.0,A
575,20.8,77.4,6.4,83.8,B
51,17.3,93.8,8.8,82.7,B
854,23.3,100.0,4.0,94.4,A
1983,10.6,96.3,4.6,71.0,B
2775,11.6,80.0,5.3,76.9,B
1824,10.4,87.7,6.0,74.6,B
834,9.6,89.3,4.7,77.6,B
1116,17.6,89.7,8.6,77.7,B
1167,24.7,83.0,7.4,100.0,A
2519,13.4,86.9,8.4,81.7,B
1907,4.0,94.2,3.1,59.3,C
972,10.2,94.7,6.3,82.3,B
2702,22.6,82.7,3.2,95.0,A
400,23.7,87.9,6.6,100.0,A
2560,21.5,78.6,4.1,100.0,A
2369,7.2,89.3,7.1,74.1,B
20,5.1,91.4,4.5,57.9,C
685,6.4,69.1,5.7,51.6,D
36,6.5,86.4,8.2,61.6,C
2951,23.4,93.5,6.1,93.4,A
3520,0.0,99.2,5.1,49.8,D
2876,8.6,66.2,3.2,60.8,C
525,9.7,85.1,7.6,63.5,C
2456,25.4,96.4,4.3,100.0,A
921,22.5,80.7,6.6,100.0,A
1842,1.8,100.0,1.5,55.9,C
1891,18.8,84.2,6.9,89.0,A
538,12.3,86.8,7.1,92.0,A
2807,14.4,81.1,3.4,100.0,A
1706,13.3,100.0,4.4,75.8,B
3640,18.2,76.3,6.4,98.4,A
3111,6.9,83.5,5.5,75.7,B
3248,9.9,81.7,4.4,71.7,B
246,12.7,77.4,10.0,91.1,A
3176,9.7,79.4,6.1,93.4,A
785,18.9,89.0,5.4,79.8,B
1410,13.2,87.9,2.8,60.9,C
2538,21.4,81.6,4.9,100.0,A
155,17.1,76.4,3.3,100.0,A
3010,11.7,98.3,5.8,65.6,C
1687,11.7,90.7,5.3,85.8,A
2902,12.0,99.3,3.1,71.2,B
626,11.4,90.2,6.9,91.1,A
2734,8.8,71.4,6.1,81.0,B
3575,6.1,86.3,10.0,69.9,C
1347,0.0,75.1,7.9,43.6,D
570,12.5,88.3,5.9,76.3,B
3642,13.7,80.4,3.8,95.1,A
1759,26.3,82.3,5.9,100.0,A
1817,0.0,81.5,5.6,36.6,F
2066,10.9,82.0,9.2,77.1,B
128,11.0,87.0,5.5,72.6,B
3702,25.2,90.8,5.9,98.1,A
2007,15.0,87.6,3.4,76.2,B
2976,15.7,71.8,5.1,100.0,A
981,20.5,78.1,3.7,98.3,A
3698,17.3,100.0,4.6,90.2,A
191,11.9,92.4,9.6,70.1,B
1140,19.9,83.4,5.7,100.0,A
993,13.3,92.4,5.0,81.7,B
700,13.7,100.0,6.9,71.1,B
3392,9.4,100.0,10.0,63.4,C
607,9.6,83.5,6.9,77.4,B
181,19.4,94.8,7.4,100.0,A
302,11.1,90.4,5.9,81.1,B
2545,32.0,81.0,5.0,100.0,A
3452,6.2,91.7,4.3,59.2,C
1061,20.4,83.7,3.3,90.0,A
3507,17.3,65.4,1.9,100.0,A
3577,9.2,78.7,7.4,64.5,C
2566,12.1,90.8,7.0,99.2,A
1070,17.4,74.3,2.2,76.8,B
2525,21.5,87.6,3.9,100.0,A
2206,18.3,91.9,5.2,100.0,A
1244,7.9,84.7,7.5,67.0,C
3244,22.4,92.2,4.1,100.0,A
17,7.9,85.9,7.7,63.0,C
3121,11.6,81.3,5.7,75.5,B
3705,14.0,90.6,7.6,81.6,B
547,19.0,80.5,6.3,79.8,B
659,16.4,86.7,6.3,92.2,A
3355,10.8,96.6,1.1,83.6,B
3068,15.1,81.3,7.9,85.2,A
3441,16.0,79.0,5.7,63.3,C
1505,13.8,79.8,3.0,73.8,B
960,18.1,91.5,5.3,94.7,A
2927,14.2,87.8,6.2,75.7,B
2332,14.5,100.0,7.2,89.8,A
798,19.8,73.6,7.4,80.1,B
226,22.6,73.5,4.8,100.0,A
2075,10.7,92.4,3.9,75.7,B
1800,15.1,88.1,6.1,90.5,A
2486,21.0,89.9,1.8,100.0,A
3682,12.2,68.5,5.7,72.8,B
2278,7.0,95.2,4.0,87.0,A
2086,6.5,83.8,7.5,69.2,C
1694,5.6,80.4,7.4,74.8,B
2798,2.5,73.6,5.3,57.0,C
1046,21.2,78.0,10.0,100.0,A
470,11.0,96.7,7.0,65.7,C
955,14.4,82.7,7.2,87.6,A
3701,22.5,100.0,6.3,90.9,A
2736,11.3,84.9,5.6,72.1,B
3583,28.4,83.5,6.7,100.0,A
640,5.9,74.6,6.5,82.7,B
3455,0.0,89.3,3.3,51.1,D
1219,9.2,82.7,0.0,82.7,B
1159,21.9,85.9,4.3,95.0,A
1416,21.5,81.2,7.3,100.0,A
3367,11.3,93.7,5.1,72.1,B
1528,25.8,70.0,9.7,100.0,A
3630,10.6,77.5,8.0,94.7,A
1301,10.3,85.1,7.4,68.9,C
3564,23.4,78.7,3.1,100.0,A
2849,10.7,73.4,5.3,89.3,A
1604,9.4,79.1,5.6,80.7,B
161,8.2,93.6,6.8,72.0,B
1705,17.9,78.2,4.7,95.4,A
957,17.4,97.6,1.8,98.9,A
3235,6.0,92.0,6.9,73.8,B
2870,23.6,91.9,3.7,100.0,A
3622,17.5,82.2,9.4,96.3,A
878,16.6,94.2,5.8,99.1,A
1920,11.7,82.7,5.5,84.8,B
2962,10.7,82.2,4.2,80.5,B
1885,14.8,87.0,5.6,88.0,A
2201,27.6,90.0,6.5,99.2,A
99,15.0,80.7,6.0,100.0,A
3517,9.4,68.7,1.1,82.7,B
2558,15.0,100.0,6.9,98.0,A
3184,12.7,100.0,8.3,85.1,A
3299,6.9,82.7,1.8,69.2,C
254,22.2,90.5,6.7,94.1,A
104,9.4,72.5,5.4,86.1,A
1446,10.4,68.1,6.8,50.3,D
1444,5.9,79.7,7.5,80.6,B
1649,23.3,95.7,5.3,100.0,A
587,11.8,89.6,3.9,80.9,B
628,14.1,85.0,5.3,69.3,C
1697,8.0,60.6,4.7,60.5,C
3192,20.0,79.1,8.1,100.0,A
2102,8.7,85.8,10.0,64.3,C
2200,18.4,96.8,1.8,100.0,A
404,15.3,82.9,9.9,90.2,A
1155,26.5,81.4,6.6,100.0,A
2256,17.5,93.5,2.0,100.0,A
2864,19.8,79.9,9.2,100.0,A
1683,8.7,85.8,6.8,50.4,D
3171,8.4,80.2,5.3,68.4,C
3491,12.7,81.0,5.1,90.9,A
2057,11.7,95.5,3.5,81.5,B
3063,14.3,99.6,4.7,89.1,A
3538,9.3,73.5,5.2,70.7,B
3109,18.2,92.1,1.2,90.3,A
453,8.1,99.4,4.8,78.7,B
2302,8.0,88.3,2.9,77.0,B
1328,14.0,89.7,6.3,88.0,A
2945,17.3,65.5,9.0,96.7,A
2050,16.1,81.8,6.0,94.7,A
881,32.7,81.8,5.3,100.0,A
3625,28.3,80.1,5.2,100.0,A
624,24.4,92.7,4.3,100.0,A
2394,10.4,80.2,6.6,67.6,C
3494,11.3,82.5,6.7,88.7,A
1788,9.7,72.4,7.9,76.4,B
263,0.0,100.0,6.6,57.8,C
1635,12.7,96.3,5.9,89.8,A
3370,15.9,90.4,6.4,98.1,A
1439,18.4,91.5,2.1,70.5,B
2199,10.5,98.5,6.9,69.5,C
1970,22.9,84.4,5.1,100.0,A
2521,16.2,90.3,7.2,100.0,A
1803,10.0,100.0,5.8,61.9,C
641,12.6,100.0,8.4,82.1,B
3715,22.1,88.7,6.2,100.0,A
2386,9.7,86.0,6.3,80.2,B
2599,23.4,100.0,6.2,100.0,A
3521,18.5,87.7,3.9,96.3,A
1960,16.6,100.0,8.7,87.5,A
2977,23.8,96.3,9.6,100.0,A
489,26.8,72.8,6.4,100.0,A
1844,15.6,80.8,6.6,96.1,A
1735,20.6,70.8,4.9,96.1,A
2912,17.5,84.3,4.6,100.0,A
3220,20.1,88.7,7.0,99.0,A
147,6.3,89.3,5.6,58.9,C
1535,11.7,81.3,4.4,89.8,A
1987,20.1,86.5,6.9,100.0,A
1370,8.8,94.5,7.3,64.2,C
2451,8.6,75.9,8.2,61.1,C
3648,16.5,81.4,7.3,81.0,B
3003,12.1,84.2,4.3,85.3,A
2812,10.6,70.4,4.7,82.4,B
660,14.0,85.6,5.3,75.2,B
1795,16.5,67.3,9.8,97.8,A
3421,10.7,79.2,6.2,51.9,D
2512,18.8,96.3,9.3,100.0,A
3398,25.4,82.5,0.0,100.0,A
187,18.3,89.6,6.7,96.5,A
1148,4.9,76.9,8.6,49.4,D
3273,21.2,65.3,4.4,100.0,A
609,2.5,94.0,7.6,51.9,D
2192,18.2,100.0,6.0,92.4,A
2800,17.1,95.1,8.3,83.3,B
1931,6.4,70.8,7.2,69.9,C
3030,15.2,81.7,5.1,97.6,A
198,16.1,82.7,6.2,93.9,A
2932,11.8,95.6,10.0,67.6,C
2328,12.3,82.7,6.6,73.9,B
294,20.9,76.2,8.1,87.5,A
767,14.8,86.9,4.8,85.0,A
401,3.8,85.8,4.7,67.2,C
123,24.8,80.0,6.6,100.0,A
3256,16.0,83.7,7.2,89.3,A
203,22.6,80.2,5.0,100.0,A
836,16.6,88.9,4.6,100.0,A
2295,9.2,91.3,4.8,81.9,B
1440,20.1,81.6,5.4,95.8,A
1734,12.9,91.3,5.6,90.2,A
1696,28.6,80.6,7.1,100.0,A
3637,12.6,86.9,7.6,77.2,B
1708,28.3,90.9,6.0,100.0,A
3620,21.3,86.2,6.2,100.0,A
1154,5.7,100.0,3.0,62.4,C
1662,14.2,77.0,6.5,82.6,B
2433,14.8,93.6,9.2,94.9,A
3499,13.7,89.8,5.7,67.7,C
1760,24.2,91.9,6.3,100.0,A
855,24.9,88.9,4.8,100.0,A
1590,15.6,100.0,2.8,93.1,A
2268,17.2,74.4,4.2,88.3,A
642,26.7,100.0,6.0,100.0,A
2,14.0,80.0,2.5,83.9,B
2161,7.2,86.7,7.3,59.0,C
699,21.5,71.9,8.7,100.0,A
3649,20.5,79.7,7.8,100.0,A
3000,13.9,74.7,2.3,84.3,B
1637,8.3,78.8,6.1,62.8,C
3185,9.5,82.4,7.5,75.9,B
3459,15.1,98.7,4.9,100.0,A
3458,12.4,80.3,3.4,79.3,B
1292,32.5,100.0,10.0,100.0,A
3552,4.0,100.0,7.5,57.7,C
2490,1.6,85.8,6.0,61.9,C
1521,23.5,76.3,5.0,100.0,A
1854,21.4,80.9,6.3,100.0,A
1137,23.3,100.0,4.4,100.0,A
3305,22.7,82.9,1.4,100.0,A
3604,15.0,83.0,3.6,91.4,A
1632,9.1,91.1,6.0,87.0,A
3446,7.0,88.4,5.1,60.9,C
1999,13.9,90.2,6.1,85.6,A
664,11.2,93.5,7.8,86.1,A
684,18.4,90.2,8.3,100.0,A
1258,17.9,80.3,5.1,77.7,B
3514,2.8,76.3,3.9,57.9,C
318,12.8,97.7,8.1,79.8,B
649,13.4,91.3,1.8,86.9,A
1435,13.8,90.3,4.5,79.2,B
1480,11.9,84.9,2.4,84.0,B
710,26.9,74.4,10.0,100.0,A
3431,18.3,75.1,5.3,82.9,B
1283,20.0,81.1,4.4,95.8,A
1769,15.9,88.6,0.0,100.0,A
973,20.9,87.2,2.8,85.5,A
2676,1.3,100.0,8.0,69.0,C
2681,19.8,88.6,9.0,100.0,A
1307,15.2,79.2,8.7,84.8,B
1401,7.7,56.1,4.6,56.7,C
1409,12.7,84.8,5.8,76.7,B
3297,26.7,83.5,8.6,100.0,A
2238,8.3,87.9,4.4,73.9,B
3303,16.5,71.7,4.5,100.0,A
1497,29.4,81.1,7.7,100.0,A
3420,11.3,94.0,4.4,74.9,B
2039,14.8,67.7,7.0,91.2,A
1530,7.2,74.6,7.4,62.9,C
1664,10.7,80.2,2.5,85.9,A
1355,11.0,70.3,6.2,72.9,B
3695,21.1,79.7,3.9,100.0,A
3659,16.1,79.4,7.6,89.2,A
1644,18.2,79.3,4.4,100.0,A
1052,17.8,88.9,5.7,96.8,A
796,22.4,86.4,6.6,100.0,A
2694,14.1,83.0,2.6,99.9,A
3061,17.2,79.6,5.1,83.7,B
1598,29.4,100.0,6.2,100.0,A
2605,10.6,65.5,7.4,67.7,C
2730,11.6,80.0,5.0,56.7,C
2626,9.0,83.5,5.4,71.0,B
1820,8.1,79.3,5.4,77.6,B
3158,15.8,88.9,1.7,90.1,A
3315,12.5,99.0,5.8,69.9,C
1723,20.2,75.4,5.6,100.0,A
1184,4.0,83.4,5.7,64.1,C
2573,12.9,79.7,9.4,92.4,A
1060,12.4,85.4,6.4,80.2,B
541,20.8,81.3,6.2,96.5,A
3243,3.3,87.1,4.8,43.6,D
1679,22.0,68.6,8.3,100.0,A
2797,19.0,79.7,6.9,99.3,A
3592,19.2,90.5,4.0,100.0,A
3479,23.1,81.1,4.1,100.0,A
2533,18.9,99.1,5.1,87.2,A
1758,21.7,95.7,7.7,97.4,A
1924,16.7,68.4,5.3,73.8,B
96,4.8,79.9,4.2,73.6,B
1021,18.7,68.3,2.2,84.7,B
564,12.7,76.7,7.6,87.8,A
3313,29.6,85.4,3.2,100.0,A
2791,19.2,88.4,5.7,100.0,A
864,27.6,95.7,4.3,100.0,A
1485,16.6,87.7,4.5,92.6,A
2940,12.3,77.3,6.7,78.8,B
1882,26.3,73.9,6.4,100.0,A
1039,16.6,86.3,6.9,71.2,B
207,18.6,98.2,1.0,90.5,A
393,5.8,88.0,4.8,63.1,C
2843,25.3,82.6,6.3,100.0,A
871,13.8,77.4,6.7,90.2,A
398,24.5,85.5,8.1,100.0,A
2815,27.8,72.7,8.7,100.0,A
3581,29.9,77.5,5.6,100.0,A
3290,13.0,90.2,4.0,89.6,A
1029,19.3,78.3,5.3,98.3,A
2691,7.9,100.0,4.1,76.9,B
1486,21.5,100.0,4.9,100.0,A
2661,6.8,92.0,5.9,73.3,B
961,19.5,70.3,8.5,100.0,A
1571,20.6,93.5,8.0,95.4,A
2774,4.2,97.1,5.8,62.8,C
1896,12.4,80.8,3.3,82.9,B
2732,26.8,80.9,8.8,100.0,A
2147,3.8,90.2,4.6,55.2,C
805,12.0,86.6,6.8,75.6,B
1752,19.7,84.5,6.8,100.0,A
2455,19.8,80.1,3.6,100.0,A
503,5.2,67.6,6.2,69.7,C
3120,26.6,76.7,4.7,100.0,A
3105,9.9,97.4,6.0,54.9,D
2978,9.1,82.7,4.0,94.6,A
780,19.3,83.8,5.6,100.0,A
1864,2.8,100.0,6.2,71.7,B
201,17.5,96.8,8.7,85.9,A
2183,13.7,80.5,6.9,80.2,B
3100,19.1,88.8,8.4,77.6,B
2089,11.8,84.1,7.3,77.2,B
3066,17.3,70.2,10.0,75.2,B
2279,19.7,91.4,3.0,100.0,A
3562,9.7,78.3,8.2,89.9,A
1797,12.8,77.3,4.3,83.7,B
379,30.3,64.4,4.1,100.0,A
2337,18.5,92.0,5.9,85.2,A
419,23.3,66.9,4.6,100.0,A
1699,18.6,79.3,2.9,98.8,A
392,18.4,92.8,4.6,85.8,A
2641,27.7,85.9,3.3,100.0,A
1523,13.4,87.3,8.2,96.9,A
1163,5.3,84.1,4.3,68.6,C
3135,15.3,100.0,8.3,91.2,A
1496,29.0,85.5,4.5,100.0,A
2696,25.0,80.7,8.3,100.0,A
2028,23.7,93.6,4.8,100.0,A
1153,10.5,74.2,9.8,76.2,B
1368,8.5,75.9,4.9,63.9,C
2569,21.0,76.7,2.9,89.2,A
65,20.7,85.8,6.8,96.5,A
2063,17.7,100.0,7.7,89.1,A
1181,16.3,90.9,8.2,90.4,A
3113,12.9,91.2,7.5,100.0,A
493,15.5,70.6,8.4,100.0,A
380,9.3,81.7,3.8,60.4,C
2236,20.1,79.7,9.3,100.0,A
764,14.3,88.0,5.7,97.8,A
2265,19.8,100.0,6.1,85.8,A
792,16.5,95.8,10.0,93.5,A
1077,4.1,82.3,6.1,53.6,D
879,14.9,75.6,7.6,96.2,A
338,12.8,94.1,7.1,81.2,B
2768,18.2,94.9,4.9,89.5,A
2344,11.3,95.9,4.7,91.8,A
1017,10.4,79.5,3.8,66.1,C
1276,16.0,94.6,6.6,98.5,A
3534,6.3,85.6,6.5,65.4,C
456,9.4,88.3,6.6,49.3,D
3343,7.8,74.3,7.0,72.9,B
816,4.6,93.4,5.5,51.4,D
2318,10.7,67.2,6.0,80.1,B
996,13.0,72.5,3.2,78.1,B
1982,5.3,86.4,6.0,44.4,D
202,18.9,82.4,5.8,100.0,A
162,20.5,96.7,5.5,95.8,A
1580,9.3,84.5,6.7,77.2,B
2778,13.3,83.2,7.4,89.2,A
2450,10.2,84.9,5.2,73.1,B
703,10.1,94.6,8.9,87.0,A
1501,20.4,80.5,5.6,100.0,A
1130,17.3,76.8,7.3,100.0,A
2614,15.0,81.5,6.0,65.0,C
3462,28.3,97.8,10.0,100.0,A
1022,11.0,70.8,0.0,96.1,A
3074,26.4,75.1,8.2,100.0,A
3460,6.8,94.8,5.7,72.5,B
1586,19.9,100.0,6.1,93.5,A
1956,24.6,85.6,8.9,100.0,A
3153,0.0,98.2,4.4,66.5,C
2254,14.9,82.8,3.2,85.6,A
35,20.8,85.2,7.7,97.4,A
776,4.0,92.1,6.6,74.8,B
2557,0.0,72.4,5.5,48.9,D
3500,12.5,97.7,8.3,87.1,A
1479,8.8,87.3,8.3,78.2,B
3004,28.2,69.6,4.9,100.0,A
1391,18.2,84.6,5.2,93.0,A
2140,4.7,90.7,8.8,68.1,C
1364,8.2,71.8,8.5,40.1,D
2946,7.0,77.0,5.4,33.8,F
2613,13.6,87.3,5.6,94.6,A
3418,16.5,83.1,5.3,81.9,B
2825,14.6,69.8,6.5,86.1,A
2042,12.1,76.2,10.0,67.0,C
242,14.2,87.3,7.1,81.5,B
2062,14.0,89.7,7.0,79.6,B
2364,22.8,98.7,7.4,100.0,A
601,20.3,69.7,3.6,89.6,A
2436,12.4,100.0,8.0,67.6,C
1298,13.0,89.4,9.1,75.1,B
2215,11.7,76.9,8.9,67.0,C
2889,12.3,84.3,8.6,87.4,A
2069,25.0,84.6,4.9,100.0,A
647,0.0,80.5,6.7,44.5,D
3557,19.5,80.9,6.1,97.1,A
3203,16.6,92.0,6.1,82.3,B
1529,11.6,86.2,3.1,76.9,B
2880,13.7,100.0,3.8,90.7,A
1268,8.7,58.9,6.9,65.2,C
3639,14.1,97.6,6.7,72.4,B
1900,12.9,84.7,7.7,81.9,B
563,21.1,79.6,7.1,72.2,B
3685,19.2,79.0,6.8,75.8,B
2735,28.9,87.2,5.6,100.0,A
3006,5.7,93.4,5.6,62.6,C
190,4.4,86.9,6.1,52.2,D
1807,16.9,74.5,3.9,99.1,A
976,1.8,77.2,8.7,60.3,C
2748,6.9,85.3,4.8,64.5,C
3548,25.3,94.5,4.8,98.4,A
2048,14.9,75.8,9.3,85.0,A
2559,17.3,89.7,7.1,95.4,A
1083,12.7,90.6,3.9,78.1,B
475,26.5,77.8,6.3,100.0,A
3633,13.3,84.5,7.3,67.7,C
2905,4.4,81.6,5.9,45.8,D
748,9.7,85.6,4.6,76.2,B
2301,22.4,88.3,5.8,100.0,A
22,13.4,93.5,9.4,79.0,B
3386,11.1,65.1,6.7,70.5,B
460,6.6,99.9,4.2,51.9,D
1185,8.1,83.5,1.1,92.4,A
2325,15.0,83.2,10.0,100.0,A
956,22.8,68.9,7.1,100.0,A
1216,23.7,71.5,5.5,97.6,A
2434,13.8,63.9,7.9,73.8,B
2854,16.5,96.1,6.6,73.2,B
3486,11.4,98.3,9.9,67.9,C
1516,14.1,82.2,4.4,85.3,A
2392,8.5,76.0,4.7,83.6,B
770,27.7,73.8,9.2,100.0,A
3381,30.2,82.6,4.3,100.0,A
1686,23.3,90.6,4.1,100.0,A
131,4.1,92.4,2.5,50.6,D
2920,24.1,86.9,2.0,98.4,A
3172,19.3,84.5,8.0,100.0,A
3445,19.9,72.6,9.9,94.3,A
2136,11.0,100.0,4.1,83.4,B
1483,27.1,68.4,2.6,100.0,A
331,14.9,100.0,10.0,90.5,A
1239,19.0,78.4,5.1,100.0,A
467,19.3,72.7,7.2,92.8,A
2170,18.3,78.1,6.2,93.3,A
1639,29.4,89.0,9.0,100.0,A
3093,14.3,87.7,5.8,92.0,A
1096,14.4,69.9,6.2,82.3,B
1131,17.2,85.0,9.5,93.7,A
1295,15.6,76.5,6.7,97.4,A
861,16.4,83.3,5.3,90.8,A
3508,14.6,91.7,3.5,89.3,A
3175,8.0,87.8,6.0,75.0,B
